category,status,reason,mode,batch_size,n,threshold,keep_prob,total_elements,total_count,iters,avg_ms,logical_gbps,csv
daily_selectivity,PASS,,v3,1,1024,0,0.01,1024,491,100,0.00885312,0.800622,reports/benchmark/extended_matrix_fair_cub/daily_selectivity_v3_b1_n1024_t0_p0.01.csv
daily_selectivity,PASS,,v4,1,1024,0,0.01,1024,491,100,0.00883168,0.802565,reports/benchmark/extended_matrix_fair_cub/daily_selectivity_v4_b1_n1024_t0_p0.01.csv
daily_selectivity,PASS,,library_cub,1,1024,0,0.01,1024,491,100,0.0062928,1.12637,reports/benchmark/extended_matrix_fair_cub/daily_selectivity_library_cub_b1_n1024_t0_p0.01.csv
daily_selectivity,PASS,,v3,1,1024,0,0.1,1024,491,100,0.00885024,0.800882,reports/benchmark/extended_matrix_fair_cub/daily_selectivity_v3_b1_n1024_t0_p0.1.csv
daily_selectivity,PASS,,v4,1,1024,0,0.1,1024,491,100,0.00885216,0.800709,reports/benchmark/extended_matrix_fair_cub/daily_selectivity_v4_b1_n1024_t0_p0.1.csv
daily_selectivity,PASS,,library_cub,1,1024,0,0.1,1024,491,100,0.00621696,1.14011,reports/benchmark/extended_matrix_fair_cub/daily_selectivity_library_cub_b1_n1024_t0_p0.1.csv
daily_selectivity,PASS,,v3,1,1024,0,0.5,1024,491,100,0.0088352,0.802246,reports/benchmark/extended_matrix_fair_cub/daily_selectivity_v3_b1_n1024_t0_p0.5.csv
daily_selectivity,PASS,,v4,1,1024,0,0.5,1024,491,100,0.00885408,0.800535,reports/benchmark/extended_matrix_fair_cub/daily_selectivity_v4_b1_n1024_t0_p0.5.csv
daily_selectivity,PASS,,library_cub,1,1024,0,0.5,1024,491,100,0.00623968,1.13596,reports/benchmark/extended_matrix_fair_cub/daily_selectivity_library_cub_b1_n1024_t0_p0.5.csv
daily_selectivity,PASS,,v3,1,1024,0,0.9,1024,491,100,0.00884768,0.801114,reports/benchmark/extended_matrix_fair_cub/daily_selectivity_v3_b1_n1024_t0_p0.9.csv
daily_selectivity,PASS,,v4,1,1024,0,0.9,1024,491,100,0.00883488,0.802275,reports/benchmark/extended_matrix_fair_cub/daily_selectivity_v4_b1_n1024_t0_p0.9.csv
daily_selectivity,PASS,,library_cub,1,1024,0,0.9,1024,491,100,0.00626784,1.13085,reports/benchmark/extended_matrix_fair_cub/daily_selectivity_library_cub_b1_n1024_t0_p0.9.csv
daily_selectivity,PASS,,v3,1,1024,0,0.99,1024,491,100,0.00884544,0.801317,reports/benchmark/extended_matrix_fair_cub/daily_selectivity_v3_b1_n1024_t0_p0.99.csv
daily_selectivity,PASS,,v4,1,1024,0,0.99,1024,491,100,0.0088432,0.80152,reports/benchmark/extended_matrix_fair_cub/daily_selectivity_v4_b1_n1024_t0_p0.99.csv
daily_selectivity,PASS,,library_cub,1,1024,0,0.99,1024,491,100,0.00627648,1.1293,reports/benchmark/extended_matrix_fair_cub/daily_selectivity_library_cub_b1_n1024_t0_p0.99.csv
daily_selectivity,PASS,,v3,1,8192,0,0.01,8192,4109,100,0.00883392,6.49768,reports/benchmark/extended_matrix_fair_cub/daily_selectivity_v3_b1_n8192_t0_p0.01.csv
daily_selectivity,PASS,,v4,1,8192,0,0.01,8192,4109,100,0.00894368,6.41794,reports/benchmark/extended_matrix_fair_cub/daily_selectivity_v4_b1_n8192_t0_p0.01.csv
daily_selectivity,PASS,,library_cub,1,8192,0,0.01,8192,4109,100,0.00619424,9.26667,reports/benchmark/extended_matrix_fair_cub/daily_selectivity_library_cub_b1_n8192_t0_p0.01.csv
daily_selectivity,PASS,,v3,1,8192,0,0.1,8192,4109,100,0.00885984,6.47867,reports/benchmark/extended_matrix_fair_cub/daily_selectivity_v3_b1_n8192_t0_p0.1.csv
daily_selectivity,PASS,,v4,1,8192,0,0.1,8192,4109,100,0.00885888,6.47937,reports/benchmark/extended_matrix_fair_cub/daily_selectivity_v4_b1_n8192_t0_p0.1.csv
daily_selectivity,PASS,,library_cub,1,8192,0,0.1,8192,4109,100,0.0061856,9.27962,reports/benchmark/extended_matrix_fair_cub/daily_selectivity_library_cub_b1_n8192_t0_p0.1.csv
daily_selectivity,PASS,,v3,1,8192,0,0.5,8192,4109,100,0.0088624,6.4768,reports/benchmark/extended_matrix_fair_cub/daily_selectivity_v3_b1_n8192_t0_p0.5.csv
daily_selectivity,PASS,,v4,1,8192,0,0.5,8192,4109,100,0.00884448,6.48992,reports/benchmark/extended_matrix_fair_cub/daily_selectivity_v4_b1_n8192_t0_p0.5.csv
daily_selectivity,PASS,,library_cub,1,8192,0,0.5,8192,4109,100,0.0062288,9.21526,reports/benchmark/extended_matrix_fair_cub/daily_selectivity_library_cub_b1_n8192_t0_p0.5.csv
daily_selectivity,PASS,,v3,1,8192,0,0.9,8192,4109,100,0.00884608,6.48875,reports/benchmark/extended_matrix_fair_cub/daily_selectivity_v3_b1_n8192_t0_p0.9.csv
daily_selectivity,PASS,,v4,1,8192,0,0.9,8192,4109,100,0.00889888,6.45025,reports/benchmark/extended_matrix_fair_cub/daily_selectivity_v4_b1_n8192_t0_p0.9.csv
daily_selectivity,PASS,,library_cub,1,8192,0,0.9,8192,4109,100,0.00617088,9.30175,reports/benchmark/extended_matrix_fair_cub/daily_selectivity_library_cub_b1_n8192_t0_p0.9.csv
daily_selectivity,PASS,,v3,1,8192,0,0.99,8192,4109,100,0.00886656,6.47376,reports/benchmark/extended_matrix_fair_cub/daily_selectivity_v3_b1_n8192_t0_p0.99.csv
daily_selectivity,PASS,,v4,1,8192,0,0.99,8192,4109,100,0.00890528,6.44561,reports/benchmark/extended_matrix_fair_cub/daily_selectivity_v4_b1_n8192_t0_p0.99.csv
daily_selectivity,PASS,,library_cub,1,8192,0,0.99,8192,4109,100,0.00618944,9.27386,reports/benchmark/extended_matrix_fair_cub/daily_selectivity_library_cub_b1_n8192_t0_p0.99.csv
daily_selectivity,PASS,,v3,1,131072,0,0.01,131072,65918,100,0.0090624,101.412,reports/benchmark/extended_matrix_fair_cub/daily_selectivity_v3_b1_n131072_t0_p0.01.csv
daily_selectivity,PASS,,v4,1,131072,0,0.01,131072,65918,100,0.0104499,87.9467,reports/benchmark/extended_matrix_fair_cub/daily_selectivity_v4_b1_n131072_t0_p0.01.csv
daily_selectivity,PASS,,library_cub,1,131072,0,0.01,131072,65918,100,0.00620096,148.209,reports/benchmark/extended_matrix_fair_cub/daily_selectivity_library_cub_b1_n131072_t0_p0.01.csv
daily_selectivity,PASS,,v3,1,131072,0,0.1,131072,65918,100,0.00897792,102.366,reports/benchmark/extended_matrix_fair_cub/daily_selectivity_v3_b1_n131072_t0_p0.1.csv
daily_selectivity,PASS,,v4,1,131072,0,0.1,131072,65918,100,0.0106058,86.6544,reports/benchmark/extended_matrix_fair_cub/daily_selectivity_v4_b1_n131072_t0_p0.1.csv
daily_selectivity,PASS,,library_cub,1,131072,0,0.1,131072,65918,100,0.00620544,148.102,reports/benchmark/extended_matrix_fair_cub/daily_selectivity_library_cub_b1_n131072_t0_p0.1.csv
daily_selectivity,PASS,,v3,1,131072,0,0.5,131072,65918,100,0.00901024,101.999,reports/benchmark/extended_matrix_fair_cub/daily_selectivity_v3_b1_n131072_t0_p0.5.csv
daily_selectivity,PASS,,v4,1,131072,0,0.5,131072,65918,100,0.0102384,89.7636,reports/benchmark/extended_matrix_fair_cub/daily_selectivity_v4_b1_n131072_t0_p0.5.csv
daily_selectivity,PASS,,library_cub,1,131072,0,0.5,131072,65918,100,0.00623424,147.417,reports/benchmark/extended_matrix_fair_cub/daily_selectivity_library_cub_b1_n131072_t0_p0.5.csv
daily_selectivity,PASS,,v3,1,131072,0,0.9,131072,65918,100,0.00890912,103.157,reports/benchmark/extended_matrix_fair_cub/daily_selectivity_v3_b1_n131072_t0_p0.9.csv
daily_selectivity,PASS,,v4,1,131072,0,0.9,131072,65918,100,0.0103325,88.9463,reports/benchmark/extended_matrix_fair_cub/daily_selectivity_v4_b1_n131072_t0_p0.9.csv
daily_selectivity,PASS,,library_cub,1,131072,0,0.9,131072,65918,100,0.00616448,149.086,reports/benchmark/extended_matrix_fair_cub/daily_selectivity_library_cub_b1_n131072_t0_p0.9.csv
daily_selectivity,PASS,,v3,1,131072,0,0.99,131072,65918,100,0.00918656,100.041,reports/benchmark/extended_matrix_fair_cub/daily_selectivity_v3_b1_n131072_t0_p0.99.csv
daily_selectivity,PASS,,v4,1,131072,0,0.99,131072,65918,100,0.0106256,86.4926,reports/benchmark/extended_matrix_fair_cub/daily_selectivity_v4_b1_n131072_t0_p0.99.csv
daily_selectivity,PASS,,library_cub,1,131072,0,0.99,131072,65918,100,0.00624704,147.115,reports/benchmark/extended_matrix_fair_cub/daily_selectivity_library_cub_b1_n131072_t0_p0.99.csv
daily_selectivity,PASS,,v3,1,1048576,0,0.01,1048576,528812,100,0.0191014,385.213,reports/benchmark/extended_matrix_fair_cub/daily_selectivity_v3_b1_n1048576_t0_p0.01.csv
daily_selectivity,PASS,,v4,1,1048576,0,0.01,1048576,528812,100,0.019016,386.944,reports/benchmark/extended_matrix_fair_cub/daily_selectivity_v4_b1_n1048576_t0_p0.01.csv
daily_selectivity,PASS,,library_cub,1,1048576,0,0.01,1048576,528812,100,0.0102573,717.357,reports/benchmark/extended_matrix_fair_cub/daily_selectivity_library_cub_b1_n1048576_t0_p0.01.csv
daily_selectivity,PASS,,v3,1,1048576,0,0.1,1048576,528812,100,0.0190925,385.394,reports/benchmark/extended_matrix_fair_cub/daily_selectivity_v3_b1_n1048576_t0_p0.1.csv
daily_selectivity,PASS,,v4,1,1048576,0,0.1,1048576,528812,100,0.0191005,385.233,reports/benchmark/extended_matrix_fair_cub/daily_selectivity_v4_b1_n1048576_t0_p0.1.csv
daily_selectivity,PASS,,library_cub,1,1048576,0,0.1,1048576,528812,100,0.0102637,716.91,reports/benchmark/extended_matrix_fair_cub/daily_selectivity_library_cub_b1_n1048576_t0_p0.1.csv
daily_selectivity,PASS,,v3,1,1048576,0,0.5,1048576,528812,100,0.0191037,385.168,reports/benchmark/extended_matrix_fair_cub/daily_selectivity_v3_b1_n1048576_t0_p0.5.csv
daily_selectivity,PASS,,v4,1,1048576,0,0.5,1048576,528812,100,0.0191034,385.175,reports/benchmark/extended_matrix_fair_cub/daily_selectivity_v4_b1_n1048576_t0_p0.5.csv
daily_selectivity,PASS,,library_cub,1,1048576,0,0.5,1048576,528812,100,0.0102637,716.91,reports/benchmark/extended_matrix_fair_cub/daily_selectivity_library_cub_b1_n1048576_t0_p0.5.csv
daily_selectivity,PASS,,v3,1,1048576,0,0.9,1048576,528812,100,0.0190896,385.452,reports/benchmark/extended_matrix_fair_cub/daily_selectivity_v3_b1_n1048576_t0_p0.9.csv
daily_selectivity,PASS,,v4,1,1048576,0,0.9,1048576,528812,100,0.0191194,384.852,reports/benchmark/extended_matrix_fair_cub/daily_selectivity_v4_b1_n1048576_t0_p0.9.csv
daily_selectivity,PASS,,library_cub,1,1048576,0,0.9,1048576,528812,100,0.0102646,716.843,reports/benchmark/extended_matrix_fair_cub/daily_selectivity_library_cub_b1_n1048576_t0_p0.9.csv
daily_selectivity,PASS,,v3,1,1048576,0,0.99,1048576,528812,100,0.0190989,385.265,reports/benchmark/extended_matrix_fair_cub/daily_selectivity_v3_b1_n1048576_t0_p0.99.csv
daily_selectivity,PASS,,v4,1,1048576,0,0.99,1048576,528812,100,0.0190822,385.601,reports/benchmark/extended_matrix_fair_cub/daily_selectivity_v4_b1_n1048576_t0_p0.99.csv
daily_selectivity,PASS,,library_cub,1,1048576,0,0.99,1048576,528812,100,0.0102864,715.326,reports/benchmark/extended_matrix_fair_cub/daily_selectivity_library_cub_b1_n1048576_t0_p0.99.csv
daily_selectivity,PASS,,v3,2,1024,0,0.01,2048,1009,100,0.00887584,1.60931,reports/benchmark/extended_matrix_fair_cub/daily_selectivity_v3_b2_n1024_t0_p0.01.csv
daily_selectivity,PASS,,v4,2,1024,0,0.01,2048,1009,100,0.00885248,1.61356,reports/benchmark/extended_matrix_fair_cub/daily_selectivity_v4_b2_n1024_t0_p0.01.csv
daily_selectivity,PASS,,library_cub,2,1024,0,0.01,2048,1009,100,0.0123667,1.15504,reports/benchmark/extended_matrix_fair_cub/daily_selectivity_library_cub_b2_n1024_t0_p0.01.csv
daily_selectivity,PASS,,v3,2,1024,0,0.1,2048,1009,100,0.00885248,1.61356,reports/benchmark/extended_matrix_fair_cub/daily_selectivity_v3_b2_n1024_t0_p0.1.csv
daily_selectivity,PASS,,v4,2,1024,0,0.1,2048,1009,100,0.00893376,1.59888,reports/benchmark/extended_matrix_fair_cub/daily_selectivity_v4_b2_n1024_t0_p0.1.csv
daily_selectivity,PASS,,library_cub,2,1024,0,0.1,2048,1009,100,0.0123264,1.15881,reports/benchmark/extended_matrix_fair_cub/daily_selectivity_library_cub_b2_n1024_t0_p0.1.csv
daily_selectivity,PASS,,v3,2,1024,0,0.5,2048,1009,100,0.00884224,1.61543,reports/benchmark/extended_matrix_fair_cub/daily_selectivity_v3_b2_n1024_t0_p0.5.csv
daily_selectivity,PASS,,v4,2,1024,0,0.5,2048,1009,100,0.0088864,1.6074,reports/benchmark/extended_matrix_fair_cub/daily_selectivity_v4_b2_n1024_t0_p0.5.csv
daily_selectivity,PASS,,library_cub,2,1024,0,0.5,2048,1009,100,0.0123667,1.15504,reports/benchmark/extended_matrix_fair_cub/daily_selectivity_library_cub_b2_n1024_t0_p0.5.csv
daily_selectivity,PASS,,v3,2,1024,0,0.9,2048,1009,100,0.00884512,1.6149,reports/benchmark/extended_matrix_fair_cub/daily_selectivity_v3_b2_n1024_t0_p0.9.csv
daily_selectivity,PASS,,v4,2,1024,0,0.9,2048,1009,100,0.00889696,1.60549,reports/benchmark/extended_matrix_fair_cub/daily_selectivity_v4_b2_n1024_t0_p0.9.csv
daily_selectivity,PASS,,library_cub,2,1024,0,0.9,2048,1009,100,0.0123507,1.15653,reports/benchmark/extended_matrix_fair_cub/daily_selectivity_library_cub_b2_n1024_t0_p0.9.csv
daily_selectivity,PASS,,v3,2,1024,0,0.99,2048,1009,100,0.00885024,1.61397,reports/benchmark/extended_matrix_fair_cub/daily_selectivity_v3_b2_n1024_t0_p0.99.csv
daily_selectivity,PASS,,v4,2,1024,0,0.99,2048,1009,100,0.00887648,1.6092,reports/benchmark/extended_matrix_fair_cub/daily_selectivity_v4_b2_n1024_t0_p0.99.csv
daily_selectivity,PASS,,library_cub,2,1024,0,0.99,2048,1009,100,0.0123453,1.15704,reports/benchmark/extended_matrix_fair_cub/daily_selectivity_library_cub_b2_n1024_t0_p0.99.csv
daily_selectivity,PASS,,v3,2,8192,0,0.01,16384,8260,100,0.00884,13.0054,reports/benchmark/extended_matrix_fair_cub/daily_selectivity_v3_b2_n8192_t0_p0.01.csv
daily_selectivity,PASS,,v4,2,8192,0,0.01,16384,8260,100,0.0088448,12.9984,reports/benchmark/extended_matrix_fair_cub/daily_selectivity_v4_b2_n8192_t0_p0.01.csv
daily_selectivity,PASS,,library_cub,2,8192,0,0.01,16384,8260,100,0.0123232,9.3294,reports/benchmark/extended_matrix_fair_cub/daily_selectivity_library_cub_b2_n8192_t0_p0.01.csv
daily_selectivity,PASS,,v3,2,8192,0,0.1,16384,8260,100,0.00882976,13.0205,reports/benchmark/extended_matrix_fair_cub/daily_selectivity_v3_b2_n8192_t0_p0.1.csv
daily_selectivity,PASS,,v4,2,8192,0,0.1,16384,8260,100,0.00885344,12.9857,reports/benchmark/extended_matrix_fair_cub/daily_selectivity_v4_b2_n8192_t0_p0.1.csv
daily_selectivity,PASS,,library_cub,2,8192,0,0.1,16384,8260,100,0.0123152,9.33545,reports/benchmark/extended_matrix_fair_cub/daily_selectivity_library_cub_b2_n8192_t0_p0.1.csv
daily_selectivity,PASS,,v3,2,8192,0,0.5,16384,8260,100,0.00883392,13.0144,reports/benchmark/extended_matrix_fair_cub/daily_selectivity_v3_b2_n8192_t0_p0.5.csv
daily_selectivity,PASS,,v4,2,8192,0,0.5,16384,8260,100,0.00885472,12.9838,reports/benchmark/extended_matrix_fair_cub/daily_selectivity_v4_b2_n8192_t0_p0.5.csv
daily_selectivity,PASS,,library_cub,2,8192,0,0.5,16384,8260,100,0.0123037,9.3442,reports/benchmark/extended_matrix_fair_cub/daily_selectivity_library_cub_b2_n8192_t0_p0.5.csv
daily_selectivity,PASS,,v3,2,8192,0,0.9,16384,8260,100,0.00885376,12.9852,reports/benchmark/extended_matrix_fair_cub/daily_selectivity_v3_b2_n8192_t0_p0.9.csv
daily_selectivity,PASS,,v4,2,8192,0,0.9,16384,8260,100,0.00882464,13.0281,reports/benchmark/extended_matrix_fair_cub/daily_selectivity_v4_b2_n8192_t0_p0.9.csv
daily_selectivity,PASS,,library_cub,2,8192,0,0.9,16384,8260,100,0.0123062,9.34225,reports/benchmark/extended_matrix_fair_cub/daily_selectivity_library_cub_b2_n8192_t0_p0.9.csv
daily_selectivity,PASS,,v3,2,8192,0,0.99,16384,8260,100,0.00883168,13.0177,reports/benchmark/extended_matrix_fair_cub/daily_selectivity_v3_b2_n8192_t0_p0.99.csv
daily_selectivity,PASS,,v4,2,8192,0,0.99,16384,8260,100,0.0088432,13.0007,reports/benchmark/extended_matrix_fair_cub/daily_selectivity_v4_b2_n8192_t0_p0.99.csv
daily_selectivity,PASS,,library_cub,2,8192,0,0.99,16384,8260,100,0.0122998,9.34711,reports/benchmark/extended_matrix_fair_cub/daily_selectivity_library_cub_b2_n8192_t0_p0.99.csv
daily_selectivity,PASS,,v3,2,131072,0,0.01,262144,132036,100,0.012767,144.033,reports/benchmark/extended_matrix_fair_cub/daily_selectivity_v3_b2_n131072_t0_p0.01.csv
daily_selectivity,PASS,,v4,2,131072,0,0.01,262144,132036,100,0.0119504,153.875,reports/benchmark/extended_matrix_fair_cub/daily_selectivity_v4_b2_n131072_t0_p0.01.csv
daily_selectivity,PASS,,library_cub,2,131072,0,0.01,262144,132036,100,0.0123427,148.984,reports/benchmark/extended_matrix_fair_cub/daily_selectivity_library_cub_b2_n131072_t0_p0.01.csv
daily_selectivity,PASS,,v3,2,131072,0,0.1,262144,132036,100,0.0127069,144.715,reports/benchmark/extended_matrix_fair_cub/daily_selectivity_v3_b2_n131072_t0_p0.1.csv
daily_selectivity,PASS,,v4,2,131072,0,0.1,262144,132036,100,0.0120451,152.665,reports/benchmark/extended_matrix_fair_cub/daily_selectivity_v4_b2_n131072_t0_p0.1.csv
daily_selectivity,PASS,,library_cub,2,131072,0,0.1,262144,132036,100,0.0123242,149.209,reports/benchmark/extended_matrix_fair_cub/daily_selectivity_library_cub_b2_n131072_t0_p0.1.csv
daily_selectivity,PASS,,v3,2,131072,0,0.5,262144,132036,100,0.0126787,145.036,reports/benchmark/extended_matrix_fair_cub/daily_selectivity_v3_b2_n131072_t0_p0.5.csv
daily_selectivity,PASS,,v4,2,131072,0,0.5,262144,132036,100,0.012033,152.82,reports/benchmark/extended_matrix_fair_cub/daily_selectivity_v4_b2_n131072_t0_p0.5.csv
daily_selectivity,PASS,,library_cub,2,131072,0,0.5,262144,132036,100,0.0123843,148.484,reports/benchmark/extended_matrix_fair_cub/daily_selectivity_library_cub_b2_n131072_t0_p0.5.csv
daily_selectivity,PASS,,v3,2,131072,0,0.9,262144,132036,100,0.012688,144.93,reports/benchmark/extended_matrix_fair_cub/daily_selectivity_v3_b2_n131072_t0_p0.9.csv
daily_selectivity,PASS,,v4,2,131072,0,0.9,262144,132036,100,0.012057,152.515,reports/benchmark/extended_matrix_fair_cub/daily_selectivity_v4_b2_n131072_t0_p0.9.csv
daily_selectivity,PASS,,library_cub,2,131072,0,0.9,262144,132036,100,0.0123261,149.185,reports/benchmark/extended_matrix_fair_cub/daily_selectivity_library_cub_b2_n131072_t0_p0.9.csv
daily_selectivity,PASS,,v3,2,131072,0,0.99,262144,132036,100,0.0126058,145.876,reports/benchmark/extended_matrix_fair_cub/daily_selectivity_v3_b2_n131072_t0_p0.99.csv
daily_selectivity,PASS,,v4,2,131072,0,0.99,262144,132036,100,0.0119174,154.301,reports/benchmark/extended_matrix_fair_cub/daily_selectivity_v4_b2_n131072_t0_p0.99.csv
daily_selectivity,PASS,,library_cub,2,131072,0,0.99,262144,132036,100,0.0123261,149.185,reports/benchmark/extended_matrix_fair_cub/daily_selectivity_library_cub_b2_n131072_t0_p0.99.csv
daily_selectivity,PASS,,v3,2,1048576,0,0.01,2097152,1057310,100,0.0252512,582.745,reports/benchmark/extended_matrix_fair_cub/daily_selectivity_v3_b2_n1048576_t0_p0.01.csv
daily_selectivity,PASS,,v4,2,1048576,0,0.01,2097152,1057310,100,0.0252317,583.196,reports/benchmark/extended_matrix_fair_cub/daily_selectivity_v4_b2_n1048576_t0_p0.01.csv
daily_selectivity,PASS,,library_cub,2,1048576,0,0.01,2097152,1057310,100,0.0205187,717.15,reports/benchmark/extended_matrix_fair_cub/daily_selectivity_library_cub_b2_n1048576_t0_p0.01.csv
daily_selectivity,PASS,,v3,2,1048576,0,0.1,2097152,1057310,100,0.0252384,583.04,reports/benchmark/extended_matrix_fair_cub/daily_selectivity_v3_b2_n1048576_t0_p0.1.csv
daily_selectivity,PASS,,v4,2,1048576,0,0.1,2097152,1057310,100,0.0252186,583.499,reports/benchmark/extended_matrix_fair_cub/daily_selectivity_v4_b2_n1048576_t0_p0.1.csv
daily_selectivity,PASS,,library_cub,2,1048576,0,0.1,2097152,1057310,100,0.0205424,716.324,reports/benchmark/extended_matrix_fair_cub/daily_selectivity_library_cub_b2_n1048576_t0_p0.1.csv
daily_selectivity,PASS,,v3,2,1048576,0,0.5,2097152,1057310,100,0.025247,582.841,reports/benchmark/extended_matrix_fair_cub/daily_selectivity_v3_b2_n1048576_t0_p0.5.csv
daily_selectivity,PASS,,v4,2,1048576,0,0.5,2097152,1057310,100,0.0252195,583.477,reports/benchmark/extended_matrix_fair_cub/daily_selectivity_v4_b2_n1048576_t0_p0.5.csv
daily_selectivity,PASS,,library_cub,2,1048576,0,0.5,2097152,1057310,100,0.020513,717.352,reports/benchmark/extended_matrix_fair_cub/daily_selectivity_library_cub_b2_n1048576_t0_p0.5.csv
daily_selectivity,PASS,,v3,2,1048576,0,0.9,2097152,1057310,100,0.0252435,582.922,reports/benchmark/extended_matrix_fair_cub/daily_selectivity_v3_b2_n1048576_t0_p0.9.csv
daily_selectivity,PASS,,v4,2,1048576,0,0.9,2097152,1057310,100,0.0252499,582.774,reports/benchmark/extended_matrix_fair_cub/daily_selectivity_v4_b2_n1048576_t0_p0.9.csv
daily_selectivity,PASS,,library_cub,2,1048576,0,0.9,2097152,1057310,100,0.0205642,715.566,reports/benchmark/extended_matrix_fair_cub/daily_selectivity_library_cub_b2_n1048576_t0_p0.9.csv
daily_selectivity,PASS,,v3,2,1048576,0,0.99,2097152,1057310,100,0.0252227,583.403,reports/benchmark/extended_matrix_fair_cub/daily_selectivity_v3_b2_n1048576_t0_p0.99.csv
daily_selectivity,PASS,,v4,2,1048576,0,0.99,2097152,1057310,100,0.0252397,583.011,reports/benchmark/extended_matrix_fair_cub/daily_selectivity_v4_b2_n1048576_t0_p0.99.csv
daily_selectivity,PASS,,library_cub,2,1048576,0,0.99,2097152,1057310,100,0.0205027,717.71,reports/benchmark/extended_matrix_fair_cub/daily_selectivity_library_cub_b2_n1048576_t0_p0.99.csv
daily_selectivity,PASS,,v3,8,1024,0,0.01,8192,4109,100,0.00883872,6.49732,reports/benchmark/extended_matrix_fair_cub/daily_selectivity_v3_b8_n1024_t0_p0.01.csv
daily_selectivity,PASS,,v4,8,1024,0,0.01,8192,4109,100,0.0088464,6.49168,reports/benchmark/extended_matrix_fair_cub/daily_selectivity_v4_b8_n1024_t0_p0.01.csv
daily_selectivity,PASS,,library_cub,8,1024,0,0.01,8192,4109,100,0.0492192,1.16678,reports/benchmark/extended_matrix_fair_cub/daily_selectivity_library_cub_b8_n1024_t0_p0.01.csv
daily_selectivity,PASS,,v3,8,1024,0,0.1,8192,4109,100,0.00882976,6.50391,reports/benchmark/extended_matrix_fair_cub/daily_selectivity_v3_b8_n1024_t0_p0.1.csv
daily_selectivity,PASS,,v4,8,1024,0,0.1,8192,4109,100,0.0088464,6.49168,reports/benchmark/extended_matrix_fair_cub/daily_selectivity_v4_b8_n1024_t0_p0.1.csv
daily_selectivity,PASS,,library_cub,8,1024,0,0.1,8192,4109,100,0.0491565,1.16827,reports/benchmark/extended_matrix_fair_cub/daily_selectivity_library_cub_b8_n1024_t0_p0.1.csv
daily_selectivity,PASS,,v3,8,1024,0,0.5,8192,4109,100,0.00885632,6.48441,reports/benchmark/extended_matrix_fair_cub/daily_selectivity_v3_b8_n1024_t0_p0.5.csv
daily_selectivity,PASS,,v4,8,1024,0,0.5,8192,4109,100,0.00889152,6.45874,reports/benchmark/extended_matrix_fair_cub/daily_selectivity_v4_b8_n1024_t0_p0.5.csv
daily_selectivity,PASS,,library_cub,8,1024,0,0.5,8192,4109,100,0.0492182,1.1668,reports/benchmark/extended_matrix_fair_cub/daily_selectivity_library_cub_b8_n1024_t0_p0.5.csv
daily_selectivity,PASS,,v3,8,1024,0,0.9,8192,4109,100,0.00883136,6.50274,reports/benchmark/extended_matrix_fair_cub/daily_selectivity_v3_b8_n1024_t0_p0.9.csv
daily_selectivity,PASS,,v4,8,1024,0,0.9,8192,4109,100,0.00886112,6.4809,reports/benchmark/extended_matrix_fair_cub/daily_selectivity_v4_b8_n1024_t0_p0.9.csv
daily_selectivity,PASS,,library_cub,8,1024,0,0.9,8192,4109,100,0.0492637,1.16573,reports/benchmark/extended_matrix_fair_cub/daily_selectivity_library_cub_b8_n1024_t0_p0.9.csv
daily_selectivity,PASS,,v3,8,1024,0,0.99,8192,4109,100,0.00884416,6.49332,reports/benchmark/extended_matrix_fair_cub/daily_selectivity_v3_b8_n1024_t0_p0.99.csv
daily_selectivity,PASS,,v4,8,1024,0,0.99,8192,4109,100,0.00883168,6.5025,reports/benchmark/extended_matrix_fair_cub/daily_selectivity_v4_b8_n1024_t0_p0.99.csv
daily_selectivity,PASS,,library_cub,8,1024,0,0.99,8192,4109,100,0.0492202,1.16676,reports/benchmark/extended_matrix_fair_cub/daily_selectivity_library_cub_b8_n1024_t0_p0.99.csv
daily_selectivity,PASS,,v3,8,8192,0,0.01,65536,33124,100,0.00890688,51.6688,reports/benchmark/extended_matrix_fair_cub/daily_selectivity_v3_b8_n8192_t0_p0.01.csv
daily_selectivity,PASS,,v4,8,8192,0,0.01,65536,33124,100,0.00890816,51.6614,reports/benchmark/extended_matrix_fair_cub/daily_selectivity_v4_b8_n8192_t0_p0.01.csv
daily_selectivity,PASS,,library_cub,8,8192,0,0.01,65536,33124,100,0.0491578,9.36186,reports/benchmark/extended_matrix_fair_cub/daily_selectivity_library_cub_b8_n8192_t0_p0.01.csv
daily_selectivity,PASS,,v3,8,8192,0,0.1,65536,33124,100,0.00917952,50.1342,reports/benchmark/extended_matrix_fair_cub/daily_selectivity_v3_b8_n8192_t0_p0.1.csv
daily_selectivity,PASS,,v4,8,8192,0,0.1,65536,33124,100,0.0089504,51.4176,reports/benchmark/extended_matrix_fair_cub/daily_selectivity_v4_b8_n8192_t0_p0.1.csv
daily_selectivity,PASS,,library_cub,8,8192,0,0.1,65536,33124,100,0.0491654,9.3604,reports/benchmark/extended_matrix_fair_cub/daily_selectivity_library_cub_b8_n8192_t0_p0.1.csv
daily_selectivity,PASS,,v3,8,8192,0,0.5,65536,33124,100,0.00892032,51.591,reports/benchmark/extended_matrix_fair_cub/daily_selectivity_v3_b8_n8192_t0_p0.5.csv
daily_selectivity,PASS,,v4,8,8192,0,0.5,65536,33124,100,0.0088496,52.0033,reports/benchmark/extended_matrix_fair_cub/daily_selectivity_v4_b8_n8192_t0_p0.5.csv
daily_selectivity,PASS,,library_cub,8,8192,0,0.5,65536,33124,100,0.0492438,9.34549,reports/benchmark/extended_matrix_fair_cub/daily_selectivity_library_cub_b8_n8192_t0_p0.5.csv
daily_selectivity,PASS,,v3,8,8192,0,0.9,65536,33124,100,0.00885728,51.9582,reports/benchmark/extended_matrix_fair_cub/daily_selectivity_v3_b8_n8192_t0_p0.9.csv
daily_selectivity,PASS,,v4,8,8192,0,0.9,65536,33124,100,0.0088784,51.8346,reports/benchmark/extended_matrix_fair_cub/daily_selectivity_v4_b8_n8192_t0_p0.9.csv
daily_selectivity,PASS,,library_cub,8,8192,0,0.9,65536,33124,100,0.0491949,9.35479,reports/benchmark/extended_matrix_fair_cub/daily_selectivity_library_cub_b8_n8192_t0_p0.9.csv
daily_selectivity,PASS,,v3,8,8192,0,0.99,65536,33124,100,0.0088496,52.0033,reports/benchmark/extended_matrix_fair_cub/daily_selectivity_v3_b8_n8192_t0_p0.99.csv
daily_selectivity,PASS,,v4,8,8192,0,0.99,65536,33124,100,0.00890048,51.706,reports/benchmark/extended_matrix_fair_cub/daily_selectivity_v4_b8_n8192_t0_p0.99.csv
daily_selectivity,PASS,,library_cub,8,8192,0,0.99,65536,33124,100,0.0491962,9.35455,reports/benchmark/extended_matrix_fair_cub/daily_selectivity_library_cub_b8_n8192_t0_p0.99.csv
daily_selectivity,PASS,,v3,8,131072,0,0.01,1048576,528812,100,0.0190944,385.357,reports/benchmark/extended_matrix_fair_cub/daily_selectivity_v3_b8_n131072_t0_p0.01.csv
daily_selectivity,PASS,,v4,8,131072,0,0.01,1048576,528812,100,0.0191133,384.976,reports/benchmark/extended_matrix_fair_cub/daily_selectivity_v4_b8_n131072_t0_p0.01.csv
daily_selectivity,PASS,,library_cub,8,131072,0,0.01,1048576,528812,100,0.0492134,149.515,reports/benchmark/extended_matrix_fair_cub/daily_selectivity_library_cub_b8_n131072_t0_p0.01.csv
daily_selectivity,PASS,,v3,8,131072,0,0.1,1048576,528812,100,0.0190877,385.493,reports/benchmark/extended_matrix_fair_cub/daily_selectivity_v3_b8_n131072_t0_p0.1.csv
daily_selectivity,PASS,,v4,8,131072,0,0.1,1048576,528812,100,0.0191034,385.176,reports/benchmark/extended_matrix_fair_cub/daily_selectivity_v4_b8_n131072_t0_p0.1.csv
daily_selectivity,PASS,,library_cub,8,131072,0,0.1,1048576,528812,100,0.0492624,149.367,reports/benchmark/extended_matrix_fair_cub/daily_selectivity_library_cub_b8_n131072_t0_p0.1.csv
daily_selectivity,PASS,,v3,8,131072,0,0.5,1048576,528812,100,0.0190982,385.279,reports/benchmark/extended_matrix_fair_cub/daily_selectivity_v3_b8_n131072_t0_p0.5.csv
daily_selectivity,PASS,,v4,8,131072,0,0.5,1048576,528812,100,0.0191021,385.202,reports/benchmark/extended_matrix_fair_cub/daily_selectivity_v4_b8_n131072_t0_p0.5.csv
daily_selectivity,PASS,,library_cub,8,131072,0,0.5,1048576,528812,100,0.049263,149.365,reports/benchmark/extended_matrix_fair_cub/daily_selectivity_library_cub_b8_n131072_t0_p0.5.csv
daily_selectivity,PASS,,v3,8,131072,0,0.9,1048576,528812,100,0.0190899,385.447,reports/benchmark/extended_matrix_fair_cub/daily_selectivity_v3_b8_n131072_t0_p0.9.csv
daily_selectivity,PASS,,v4,8,131072,0,0.9,1048576,528812,100,0.0190928,385.389,reports/benchmark/extended_matrix_fair_cub/daily_selectivity_v4_b8_n131072_t0_p0.9.csv
daily_selectivity,PASS,,library_cub,8,131072,0,0.9,1048576,528812,100,0.0491939,149.575,reports/benchmark/extended_matrix_fair_cub/daily_selectivity_library_cub_b8_n131072_t0_p0.9.csv
daily_selectivity,PASS,,v3,8,131072,0,0.99,1048576,528812,100,0.0191078,385.086,reports/benchmark/extended_matrix_fair_cub/daily_selectivity_v3_b8_n131072_t0_p0.99.csv
daily_selectivity,PASS,,v4,8,131072,0,0.99,1048576,528812,100,0.0190928,385.389,reports/benchmark/extended_matrix_fair_cub/daily_selectivity_v4_b8_n131072_t0_p0.99.csv
daily_selectivity,PASS,,library_cub,8,131072,0,0.99,1048576,528812,100,0.0491626,149.67,reports/benchmark/extended_matrix_fair_cub/daily_selectivity_library_cub_b8_n131072_t0_p0.99.csv
daily_selectivity,PASS,,v3,8,1048576,0,0.01,8388608,4226803,100,0.0647466,908.933,reports/benchmark/extended_matrix_fair_cub/daily_selectivity_v3_b8_n1048576_t0_p0.01.csv
daily_selectivity,PASS,,v4,8,1048576,0,0.01,8388608,4226803,100,0.0683539,860.964,reports/benchmark/extended_matrix_fair_cub/daily_selectivity_v4_b8_n1048576_t0_p0.01.csv
daily_selectivity,PASS,,library_cub,8,1048576,0,0.01,8388608,4226803,100,0.0957226,614.801,reports/benchmark/extended_matrix_fair_cub/daily_selectivity_library_cub_b8_n1048576_t0_p0.01.csv
daily_selectivity,PASS,,v3,8,1048576,0,0.1,8388608,4226803,100,0.064639,910.445,reports/benchmark/extended_matrix_fair_cub/daily_selectivity_v3_b8_n1048576_t0_p0.1.csv
daily_selectivity,PASS,,v4,8,1048576,0,0.1,8388608,4226803,100,0.0682954,861.703,reports/benchmark/extended_matrix_fair_cub/daily_selectivity_v4_b8_n1048576_t0_p0.1.csv
daily_selectivity,PASS,,library_cub,8,1048576,0,0.1,8388608,4226803,100,0.0957037,614.922,reports/benchmark/extended_matrix_fair_cub/daily_selectivity_library_cub_b8_n1048576_t0_p0.1.csv
daily_selectivity,PASS,,v3,8,1048576,0,0.5,8388608,4226803,100,0.0646826,909.832,reports/benchmark/extended_matrix_fair_cub/daily_selectivity_v3_b8_n1048576_t0_p0.5.csv
daily_selectivity,PASS,,v4,8,1048576,0,0.5,8388608,4226803,100,0.06832,861.392,reports/benchmark/extended_matrix_fair_cub/daily_selectivity_v4_b8_n1048576_t0_p0.5.csv
daily_selectivity,PASS,,library_cub,8,1048576,0,0.5,8388608,4226803,100,0.0959507,613.339,reports/benchmark/extended_matrix_fair_cub/daily_selectivity_library_cub_b8_n1048576_t0_p0.5.csv
daily_selectivity,PASS,,v3,8,1048576,0,0.9,8388608,4226803,100,0.0646362,910.486,reports/benchmark/extended_matrix_fair_cub/daily_selectivity_v3_b8_n1048576_t0_p0.9.csv
daily_selectivity,PASS,,v4,8,1048576,0,0.9,8388608,4226803,100,0.0682106,862.774,reports/benchmark/extended_matrix_fair_cub/daily_selectivity_v4_b8_n1048576_t0_p0.9.csv
daily_selectivity,PASS,,library_cub,8,1048576,0,0.9,8388608,4226803,100,0.0954755,616.391,reports/benchmark/extended_matrix_fair_cub/daily_selectivity_library_cub_b8_n1048576_t0_p0.9.csv
daily_selectivity,PASS,,v3,8,1048576,0,0.99,8388608,4226803,100,0.0647482,908.911,reports/benchmark/extended_matrix_fair_cub/daily_selectivity_v3_b8_n1048576_t0_p0.99.csv
daily_selectivity,PASS,,v4,8,1048576,0,0.99,8388608,4226803,100,0.0683069,861.557,reports/benchmark/extended_matrix_fair_cub/daily_selectivity_v4_b8_n1048576_t0_p0.99.csv
daily_selectivity,PASS,,library_cub,8,1048576,0,0.99,8388608,4226803,100,0.0956608,615.198,reports/benchmark/extended_matrix_fair_cub/daily_selectivity_library_cub_b8_n1048576_t0_p0.99.csv
daily_selectivity,PASS,,v3,16,1024,0,0.01,16384,8260,100,0.00883648,13.0169,reports/benchmark/extended_matrix_fair_cub/daily_selectivity_v3_b16_n1024_t0_p0.01.csv
daily_selectivity,PASS,,v4,16,1024,0,0.01,16384,8260,100,0.00888864,12.9406,reports/benchmark/extended_matrix_fair_cub/daily_selectivity_v4_b16_n1024_t0_p0.01.csv
daily_selectivity,PASS,,library_cub,16,1024,0,0.01,16384,8260,100,0.0983542,1.16949,reports/benchmark/extended_matrix_fair_cub/daily_selectivity_library_cub_b16_n1024_t0_p0.01.csv
daily_selectivity,PASS,,v3,16,1024,0,0.1,16384,8260,100,0.00884608,13.0028,reports/benchmark/extended_matrix_fair_cub/daily_selectivity_v3_b16_n1024_t0_p0.1.csv
daily_selectivity,PASS,,v4,16,1024,0,0.1,16384,8260,100,0.008848,13,reports/benchmark/extended_matrix_fair_cub/daily_selectivity_v4_b16_n1024_t0_p0.1.csv
daily_selectivity,PASS,,library_cub,16,1024,0,0.1,16384,8260,100,0.0982925,1.17022,reports/benchmark/extended_matrix_fair_cub/daily_selectivity_library_cub_b16_n1024_t0_p0.1.csv
daily_selectivity,PASS,,v3,16,1024,0,0.5,16384,8260,100,0.00881728,13.0453,reports/benchmark/extended_matrix_fair_cub/daily_selectivity_v3_b16_n1024_t0_p0.5.csv
daily_selectivity,PASS,,v4,16,1024,0,0.5,16384,8260,100,0.00884256,13.008,reports/benchmark/extended_matrix_fair_cub/daily_selectivity_v4_b16_n1024_t0_p0.5.csv
daily_selectivity,PASS,,library_cub,16,1024,0,0.5,16384,8260,100,0.0982768,1.17041,reports/benchmark/extended_matrix_fair_cub/daily_selectivity_library_cub_b16_n1024_t0_p0.5.csv
daily_selectivity,PASS,,v3,16,1024,0,0.9,16384,8260,100,0.0088496,12.9976,reports/benchmark/extended_matrix_fair_cub/daily_selectivity_v3_b16_n1024_t0_p0.9.csv
daily_selectivity,PASS,,v4,16,1024,0,0.9,16384,8260,100,0.00886624,12.9733,reports/benchmark/extended_matrix_fair_cub/daily_selectivity_v4_b16_n1024_t0_p0.9.csv
daily_selectivity,PASS,,library_cub,16,1024,0,0.9,16384,8260,100,0.0983485,1.16956,reports/benchmark/extended_matrix_fair_cub/daily_selectivity_library_cub_b16_n1024_t0_p0.9.csv
daily_selectivity,PASS,,v3,16,1024,0,0.99,16384,8260,100,0.00885152,12.9948,reports/benchmark/extended_matrix_fair_cub/daily_selectivity_v3_b16_n1024_t0_p0.99.csv
daily_selectivity,PASS,,v4,16,1024,0,0.99,16384,8260,100,0.00888608,12.9443,reports/benchmark/extended_matrix_fair_cub/daily_selectivity_v4_b16_n1024_t0_p0.99.csv
daily_selectivity,PASS,,library_cub,16,1024,0,0.99,16384,8260,100,0.098271,1.17048,reports/benchmark/extended_matrix_fair_cub/daily_selectivity_library_cub_b16_n1024_t0_p0.99.csv
daily_selectivity,PASS,,v3,16,8192,0,0.01,131072,65918,100,0.00989824,92.8545,reports/benchmark/extended_matrix_fair_cub/daily_selectivity_v3_b16_n8192_t0_p0.01.csv
daily_selectivity,PASS,,v4,16,8192,0,0.01,131072,65918,100,0.0103187,89.0707,reports/benchmark/extended_matrix_fair_cub/daily_selectivity_v4_b16_n8192_t0_p0.01.csv
daily_selectivity,PASS,,library_cub,16,8192,0,0.01,131072,65918,100,0.0983603,9.34417,reports/benchmark/extended_matrix_fair_cub/daily_selectivity_library_cub_b16_n8192_t0_p0.01.csv
daily_selectivity,PASS,,v3,16,8192,0,0.1,131072,65918,100,0.00981344,93.6569,reports/benchmark/extended_matrix_fair_cub/daily_selectivity_v3_b16_n8192_t0_p0.1.csv
daily_selectivity,PASS,,v4,16,8192,0,0.1,131072,65918,100,0.0102512,89.6574,reports/benchmark/extended_matrix_fair_cub/daily_selectivity_v4_b16_n8192_t0_p0.1.csv
daily_selectivity,PASS,,library_cub,16,8192,0,0.1,131072,65918,100,0.0984182,9.33868,reports/benchmark/extended_matrix_fair_cub/daily_selectivity_library_cub_b16_n8192_t0_p0.1.csv
daily_selectivity,PASS,,v3,16,8192,0,0.5,131072,65918,100,0.00969632,94.7881,reports/benchmark/extended_matrix_fair_cub/daily_selectivity_v3_b16_n8192_t0_p0.5.csv
daily_selectivity,PASS,,v4,16,8192,0,0.5,131072,65918,100,0.0101811,90.2746,reports/benchmark/extended_matrix_fair_cub/daily_selectivity_v4_b16_n8192_t0_p0.5.csv
daily_selectivity,PASS,,library_cub,16,8192,0,0.5,131072,65918,100,0.0983082,9.34913,reports/benchmark/extended_matrix_fair_cub/daily_selectivity_library_cub_b16_n8192_t0_p0.5.csv
daily_selectivity,PASS,,v3,16,8192,0,0.9,131072,65918,100,0.00992416,92.612,reports/benchmark/extended_matrix_fair_cub/daily_selectivity_v3_b16_n8192_t0_p0.9.csv
daily_selectivity,PASS,,v4,16,8192,0,0.9,131072,65918,100,0.0103667,88.6583,reports/benchmark/extended_matrix_fair_cub/daily_selectivity_v4_b16_n8192_t0_p0.9.csv
daily_selectivity,PASS,,library_cub,16,8192,0,0.9,131072,65918,100,0.0983562,9.34457,reports/benchmark/extended_matrix_fair_cub/daily_selectivity_library_cub_b16_n8192_t0_p0.9.csv
daily_selectivity,PASS,,v3,16,8192,0,0.99,131072,65918,100,0.0099216,92.6359,reports/benchmark/extended_matrix_fair_cub/daily_selectivity_v3_b16_n8192_t0_p0.99.csv
daily_selectivity,PASS,,v4,16,8192,0,0.99,131072,65918,100,0.0100682,91.2874,reports/benchmark/extended_matrix_fair_cub/daily_selectivity_v4_b16_n8192_t0_p0.99.csv
daily_selectivity,PASS,,library_cub,16,8192,0,0.99,131072,65918,100,0.098399,9.3405,reports/benchmark/extended_matrix_fair_cub/daily_selectivity_library_cub_b16_n8192_t0_p0.99.csv
daily_selectivity,PASS,,v3,16,131072,0,0.01,2097152,1057310,100,0.0252298,583.242,reports/benchmark/extended_matrix_fair_cub/daily_selectivity_v3_b16_n131072_t0_p0.01.csv
daily_selectivity,PASS,,v4,16,131072,0,0.01,2097152,1057310,100,0.0252262,583.324,reports/benchmark/extended_matrix_fair_cub/daily_selectivity_v4_b16_n131072_t0_p0.01.csv
daily_selectivity,PASS,,library_cub,16,131072,0,0.01,2097152,1057310,100,0.098423,149.508,reports/benchmark/extended_matrix_fair_cub/daily_selectivity_library_cub_b16_n131072_t0_p0.01.csv
daily_selectivity,PASS,,v3,16,131072,0,0.1,2097152,1057310,100,0.0252845,581.98,reports/benchmark/extended_matrix_fair_cub/daily_selectivity_v3_b16_n131072_t0_p0.1.csv
daily_selectivity,PASS,,v4,16,131072,0,0.1,2097152,1057310,100,0.0252275,583.294,reports/benchmark/extended_matrix_fair_cub/daily_selectivity_v4_b16_n131072_t0_p0.1.csv
daily_selectivity,PASS,,library_cub,16,131072,0,0.1,2097152,1057310,100,0.0984198,149.513,reports/benchmark/extended_matrix_fair_cub/daily_selectivity_library_cub_b16_n131072_t0_p0.1.csv
daily_selectivity,PASS,,v3,16,131072,0,0.5,2097152,1057310,100,0.0252454,582.88,reports/benchmark/extended_matrix_fair_cub/daily_selectivity_v3_b16_n131072_t0_p0.5.csv
daily_selectivity,PASS,,v4,16,131072,0,0.5,2097152,1057310,100,0.0252467,582.851,reports/benchmark/extended_matrix_fair_cub/daily_selectivity_v4_b16_n131072_t0_p0.5.csv
daily_selectivity,PASS,,library_cub,16,131072,0,0.5,2097152,1057310,100,0.0983418,149.632,reports/benchmark/extended_matrix_fair_cub/daily_selectivity_library_cub_b16_n131072_t0_p0.5.csv
daily_selectivity,PASS,,v3,16,131072,0,0.9,2097152,1057310,100,0.0252528,582.71,reports/benchmark/extended_matrix_fair_cub/daily_selectivity_v3_b16_n131072_t0_p0.9.csv
daily_selectivity,PASS,,v4,16,131072,0,0.9,2097152,1057310,100,0.0252627,582.481,reports/benchmark/extended_matrix_fair_cub/daily_selectivity_v4_b16_n131072_t0_p0.9.csv
daily_selectivity,PASS,,library_cub,16,131072,0,0.9,2097152,1057310,100,0.0983658,149.595,reports/benchmark/extended_matrix_fair_cub/daily_selectivity_library_cub_b16_n131072_t0_p0.9.csv
daily_selectivity,PASS,,v3,16,131072,0,0.99,2097152,1057310,100,0.0252138,583.612,reports/benchmark/extended_matrix_fair_cub/daily_selectivity_v3_b16_n131072_t0_p0.99.csv
daily_selectivity,PASS,,v4,16,131072,0,0.99,2097152,1057310,100,0.0252378,583.057,reports/benchmark/extended_matrix_fair_cub/daily_selectivity_v4_b16_n131072_t0_p0.99.csv
daily_selectivity,PASS,,library_cub,16,131072,0,0.99,2097152,1057310,100,0.0984058,149.535,reports/benchmark/extended_matrix_fair_cub/daily_selectivity_library_cub_b16_n131072_t0_p0.99.csv
daily_selectivity,PASS,,v3,16,1048576,0,0.01,16777216,8453139,100,0.271638,433.293,reports/benchmark/extended_matrix_fair_cub/daily_selectivity_v3_b16_n1048576_t0_p0.01.csv
daily_selectivity,PASS,,v4,16,1048576,0,0.01,16777216,8453139,100,0.271604,433.346,reports/benchmark/extended_matrix_fair_cub/daily_selectivity_v4_b16_n1048576_t0_p0.01.csv
daily_selectivity,PASS,,library_cub,16,1048576,0,0.01,16777216,8453139,100,0.229614,512.593,reports/benchmark/extended_matrix_fair_cub/daily_selectivity_library_cub_b16_n1048576_t0_p0.01.csv
daily_selectivity,PASS,,v3,16,1048576,0,0.1,16777216,8453139,100,0.271586,433.376,reports/benchmark/extended_matrix_fair_cub/daily_selectivity_v3_b16_n1048576_t0_p0.1.csv
daily_selectivity,PASS,,v4,16,1048576,0,0.1,16777216,8453139,100,0.271566,433.407,reports/benchmark/extended_matrix_fair_cub/daily_selectivity_v4_b16_n1048576_t0_p0.1.csv
daily_selectivity,PASS,,library_cub,16,1048576,0,0.1,16777216,8453139,100,0.229651,512.511,reports/benchmark/extended_matrix_fair_cub/daily_selectivity_library_cub_b16_n1048576_t0_p0.1.csv
daily_selectivity,PASS,,v3,16,1048576,0,0.5,16777216,8453139,100,0.27146,433.577,reports/benchmark/extended_matrix_fair_cub/daily_selectivity_v3_b16_n1048576_t0_p0.5.csv
daily_selectivity,PASS,,v4,16,1048576,0,0.5,16777216,8453139,100,0.271842,432.967,reports/benchmark/extended_matrix_fair_cub/daily_selectivity_v4_b16_n1048576_t0_p0.5.csv
daily_selectivity,PASS,,library_cub,16,1048576,0,0.5,16777216,8453139,100,0.22959,512.647,reports/benchmark/extended_matrix_fair_cub/daily_selectivity_library_cub_b16_n1048576_t0_p0.5.csv
daily_selectivity,PASS,,v3,16,1048576,0,0.9,16777216,8453139,100,0.271176,434.03,reports/benchmark/extended_matrix_fair_cub/daily_selectivity_v3_b16_n1048576_t0_p0.9.csv
daily_selectivity,PASS,,v4,16,1048576,0,0.9,16777216,8453139,100,0.273643,430.117,reports/benchmark/extended_matrix_fair_cub/daily_selectivity_v4_b16_n1048576_t0_p0.9.csv
daily_selectivity,PASS,,library_cub,16,1048576,0,0.9,16777216,8453139,100,0.229693,512.417,reports/benchmark/extended_matrix_fair_cub/daily_selectivity_library_cub_b16_n1048576_t0_p0.9.csv
daily_selectivity,PASS,,v3,16,1048576,0,0.99,16777216,8453139,100,0.271582,433.382,reports/benchmark/extended_matrix_fair_cub/daily_selectivity_v3_b16_n1048576_t0_p0.99.csv
daily_selectivity,PASS,,v4,16,1048576,0,0.99,16777216,8453139,100,0.271563,433.412,reports/benchmark/extended_matrix_fair_cub/daily_selectivity_v4_b16_n1048576_t0_p0.99.csv
daily_selectivity,PASS,,library_cub,16,1048576,0,0.99,16777216,8453139,100,0.229759,512.271,reports/benchmark/extended_matrix_fair_cub/daily_selectivity_library_cub_b16_n1048576_t0_p0.99.csv
boundary_legal_domain,SKIP,v3_requires_n_mod_4_eq_0,v3,1,31,0,0.5,31,,,,,
boundary_legal_domain,SKIP,v4_requires_n_mod_4_eq_0,v4,1,31,0,0.5,31,,,,,
boundary_legal_domain,PASS,,library_cub,1,31,0,0.5,31,18,100,0.00618624,0.0373409,reports/benchmark/extended_matrix_fair_cub/boundary_legal_domain_library_cub_b1_n31_t0_p0.5.csv
boundary_legal_domain,PASS,,v3,1,32,0,0.5,32,19,100,0.00885408,0.0271061,reports/benchmark/extended_matrix_fair_cub/boundary_legal_domain_v3_b1_n32_t0_p0.5.csv
boundary_legal_domain,PASS,,v4,1,32,0,0.5,32,19,100,0.0088288,0.0271838,reports/benchmark/extended_matrix_fair_cub/boundary_legal_domain_v4_b1_n32_t0_p0.5.csv
boundary_legal_domain,PASS,,library_cub,1,32,0,0.5,32,19,100,0.00620576,0.0386737,reports/benchmark/extended_matrix_fair_cub/boundary_legal_domain_library_cub_b1_n32_t0_p0.5.csv
boundary_legal_domain,SKIP,v3_requires_n_mod_4_eq_0,v3,1,33,0,0.5,33,,,,,
boundary_legal_domain,SKIP,v4_requires_n_mod_4_eq_0,v4,1,33,0,0.5,33,,,,,
boundary_legal_domain,PASS,,library_cub,1,33,0,0.5,33,20,100,0.00616736,0.0403738,reports/benchmark/extended_matrix_fair_cub/boundary_legal_domain_library_cub_b1_n33_t0_p0.5.csv
boundary_legal_domain,SKIP,v3_requires_n_mod_4_eq_0,v3,1,255,0,0.5,255,,,,,
boundary_legal_domain,SKIP,v4_requires_n_mod_4_eq_0,v4,1,255,0,0.5,255,,,,,
boundary_legal_domain,PASS,,library_cub,1,255,0,0.5,255,119,100,0.00629344,0.278862,reports/benchmark/extended_matrix_fair_cub/boundary_legal_domain_library_cub_b1_n255_t0_p0.5.csv
boundary_legal_domain,PASS,,v3,1,256,0,0.5,256,120,100,0.0088432,0.199475,reports/benchmark/extended_matrix_fair_cub/boundary_legal_domain_v3_b1_n256_t0_p0.5.csv
boundary_legal_domain,PASS,,v4,1,256,0,0.5,256,120,100,0.00884544,0.199425,reports/benchmark/extended_matrix_fair_cub/boundary_legal_domain_v4_b1_n256_t0_p0.5.csv
boundary_legal_domain,PASS,,library_cub,1,256,0,0.5,256,120,100,0.00626848,0.281408,reports/benchmark/extended_matrix_fair_cub/boundary_legal_domain_library_cub_b1_n256_t0_p0.5.csv
boundary_legal_domain,SKIP,v3_requires_n_mod_4_eq_0,v3,1,257,0,0.5,257,,,,,
boundary_legal_domain,SKIP,v4_requires_n_mod_4_eq_0,v4,1,257,0,0.5,257,,,,,
boundary_legal_domain,PASS,,library_cub,1,257,0,0.5,257,120,100,0.00627296,0.282004,reports/benchmark/extended_matrix_fair_cub/boundary_legal_domain_library_cub_b1_n257_t0_p0.5.csv
boundary_legal_domain,SKIP,v3_requires_n_mod_4_eq_0,v3,1,511,0,0.5,511,,,,,
boundary_legal_domain,SKIP,v4_requires_n_mod_4_eq_0,v4,1,511,0,0.5,511,,,,,
boundary_legal_domain,PASS,,library_cub,1,511,0,0.5,511,239,100,0.00621376,0.56568,reports/benchmark/extended_matrix_fair_cub/boundary_legal_domain_library_cub_b1_n511_t0_p0.5.csv
boundary_legal_domain,PASS,,v3,1,512,0,0.5,512,239,100,0.00883296,0.398507,reports/benchmark/extended_matrix_fair_cub/boundary_legal_domain_v3_b1_n512_t0_p0.5.csv
boundary_legal_domain,PASS,,v4,1,512,0,0.5,512,239,100,0.00884736,0.397859,reports/benchmark/extended_matrix_fair_cub/boundary_legal_domain_v4_b1_n512_t0_p0.5.csv
boundary_legal_domain,PASS,,library_cub,1,512,0,0.5,512,239,100,0.0061648,0.570984,reports/benchmark/extended_matrix_fair_cub/boundary_legal_domain_library_cub_b1_n512_t0_p0.5.csv
boundary_legal_domain,SKIP,v3_requires_n_mod_4_eq_0,v3,1,513,0,0.5,513,,,,,
boundary_legal_domain,SKIP,v4_requires_n_mod_4_eq_0,v4,1,513,0,0.5,513,,,,,
boundary_legal_domain,PASS,,library_cub,1,513,0,0.5,513,239,100,0.00617568,0.570787,reports/benchmark/extended_matrix_fair_cub/boundary_legal_domain_library_cub_b1_n513_t0_p0.5.csv
boundary_legal_domain,SKIP,v3_requires_n_mod_4_eq_0,v3,1,1023,0,0.5,1023,,,,,
boundary_legal_domain,SKIP,v4_requires_n_mod_4_eq_0,v4,1,1023,0,0.5,1023,,,,,
boundary_legal_domain,PASS,,library_cub,1,1023,0,0.5,1023,490,100,0.00636128,1.11283,reports/benchmark/extended_matrix_fair_cub/boundary_legal_domain_library_cub_b1_n1023_t0_p0.5.csv
boundary_legal_domain,PASS,,v3,1,1024,0,0.5,1024,491,100,0.00886496,0.799552,reports/benchmark/extended_matrix_fair_cub/boundary_legal_domain_v3_b1_n1024_t0_p0.5.csv
boundary_legal_domain,PASS,,v4,1,1024,0,0.5,1024,491,100,0.00885312,0.800622,reports/benchmark/extended_matrix_fair_cub/boundary_legal_domain_v4_b1_n1024_t0_p0.5.csv
boundary_legal_domain,PASS,,library_cub,1,1024,0,0.5,1024,491,100,0.00621376,1.14069,reports/benchmark/extended_matrix_fair_cub/boundary_legal_domain_library_cub_b1_n1024_t0_p0.5.csv
boundary_legal_domain,SKIP,v3_requires_n_mod_4_eq_0,v3,1,1025,0,0.5,1025,,,,,
boundary_legal_domain,SKIP,v4_requires_n_mod_4_eq_0,v4,1,1025,0,0.5,1025,,,,,
boundary_legal_domain,PASS,,library_cub,1,1025,0,0.5,1025,491,100,0.00629696,1.12642,reports/benchmark/extended_matrix_fair_cub/boundary_legal_domain_library_cub_b1_n1025_t0_p0.5.csv
boundary_legal_domain,PASS,,v3,1,4096,0,0.5,4096,2027,100,0.00884288,3.23334,reports/benchmark/extended_matrix_fair_cub/boundary_legal_domain_v3_b1_n4096_t0_p0.5.csv
boundary_legal_domain,PASS,,v4,1,4096,0,0.5,4096,2027,100,0.00885472,3.22901,reports/benchmark/extended_matrix_fair_cub/boundary_legal_domain_v4_b1_n4096_t0_p0.5.csv
boundary_legal_domain,PASS,,library_cub,1,4096,0,0.5,4096,2027,100,0.00618272,4.6245,reports/benchmark/extended_matrix_fair_cub/boundary_legal_domain_library_cub_b1_n4096_t0_p0.5.csv
boundary_legal_domain,SKIP,v3_requires_n_mod_4_eq_0,v3,1,4097,0,0.5,4097,,,,,
boundary_legal_domain,SKIP,v4_requires_n_mod_4_eq_0,v4,1,4097,0,0.5,4097,,,,,
boundary_legal_domain,PASS,,library_cub,1,4097,0,0.5,4097,2028,100,0.00616384,4.64013,reports/benchmark/extended_matrix_fair_cub/boundary_legal_domain_library_cub_b1_n4097_t0_p0.5.csv
boundary_legal_domain,SKIP,v3_requires_n_mod_4_eq_0,v3,8,31,0,0.5,248,,,,,
boundary_legal_domain,SKIP,v4_requires_n_mod_4_eq_0,v4,8,31,0,0.5,248,,,,,
boundary_legal_domain,PASS,,library_cub,8,31,0,0.5,248,117,100,0.0491533,0.0353995,reports/benchmark/extended_matrix_fair_cub/boundary_legal_domain_library_cub_b8_n31_t0_p0.5.csv
boundary_legal_domain,PASS,,v3,8,32,0,0.5,256,120,100,0.00887296,0.201962,reports/benchmark/extended_matrix_fair_cub/boundary_legal_domain_v3_b8_n32_t0_p0.5.csv
boundary_legal_domain,PASS,,v4,8,32,0,0.5,256,120,100,0.00883584,0.20281,reports/benchmark/extended_matrix_fair_cub/boundary_legal_domain_v4_b8_n32_t0_p0.5.csv
boundary_legal_domain,PASS,,library_cub,8,32,0,0.5,256,120,100,0.0492547,0.0363823,reports/benchmark/extended_matrix_fair_cub/boundary_legal_domain_library_cub_b8_n32_t0_p0.5.csv
boundary_legal_domain,SKIP,v3_requires_n_mod_4_eq_0,v3,8,33,0,0.5,264,,,,,
boundary_legal_domain,SKIP,v4_requires_n_mod_4_eq_0,v4,8,33,0,0.5,264,,,,,
boundary_legal_domain,PASS,,library_cub,8,33,0,0.5,264,125,100,0.0493021,0.0375643,reports/benchmark/extended_matrix_fair_cub/boundary_legal_domain_library_cub_b8_n33_t0_p0.5.csv
boundary_legal_domain,SKIP,v3_requires_n_mod_4_eq_0,v3,8,255,0,0.5,2040,,,,,
boundary_legal_domain,SKIP,v4_requires_n_mod_4_eq_0,v4,8,255,0,0.5,2040,,,,,
boundary_legal_domain,PASS,,library_cub,8,255,0,0.5,2040,1007,100,0.0491398,0.290192,reports/benchmark/extended_matrix_fair_cub/boundary_legal_domain_library_cub_b8_n255_t0_p0.5.csv
boundary_legal_domain,PASS,,v3,8,256,0,0.5,2048,1009,100,0.00884128,1.61832,reports/benchmark/extended_matrix_fair_cub/boundary_legal_domain_v3_b8_n256_t0_p0.5.csv
boundary_legal_domain,PASS,,v4,8,256,0,0.5,2048,1009,100,0.00902688,1.58504,reports/benchmark/extended_matrix_fair_cub/boundary_legal_domain_v4_b8_n256_t0_p0.5.csv
boundary_legal_domain,PASS,,library_cub,8,256,0,0.5,2048,1009,100,0.0492022,0.2908,reports/benchmark/extended_matrix_fair_cub/boundary_legal_domain_library_cub_b8_n256_t0_p0.5.csv
boundary_legal_domain,SKIP,v3_requires_n_mod_4_eq_0,v3,8,257,0,0.5,2056,,,,,
boundary_legal_domain,SKIP,v4_requires_n_mod_4_eq_0,v4,8,257,0,0.5,2056,,,,,
boundary_legal_domain,PASS,,library_cub,8,257,0,0.5,2056,1012,100,0.0491594,0.292111,reports/benchmark/extended_matrix_fair_cub/boundary_legal_domain_library_cub_b8_n257_t0_p0.5.csv
boundary_legal_domain,SKIP,v3_requires_n_mod_4_eq_0,v3,8,511,0,0.5,4088,,,,,
boundary_legal_domain,SKIP,v4_requires_n_mod_4_eq_0,v4,8,511,0,0.5,4088,,,,,
boundary_legal_domain,PASS,,library_cub,8,511,0,0.5,4088,2023,100,0.0492138,0.580407,reports/benchmark/extended_matrix_fair_cub/boundary_legal_domain_library_cub_b8_n511_t0_p0.5.csv
boundary_legal_domain,PASS,,v3,8,512,0,0.5,4096,2027,100,0.00886048,3.23007,reports/benchmark/extended_matrix_fair_cub/boundary_legal_domain_v3_b8_n512_t0_p0.5.csv
boundary_legal_domain,PASS,,v4,8,512,0,0.5,4096,2027,100,0.00885632,3.23159,reports/benchmark/extended_matrix_fair_cub/boundary_legal_domain_v4_b8_n512_t0_p0.5.csv
boundary_legal_domain,PASS,,library_cub,8,512,0,0.5,4096,2027,100,0.0492128,0.581556,reports/benchmark/extended_matrix_fair_cub/boundary_legal_domain_library_cub_b8_n512_t0_p0.5.csv
boundary_legal_domain,SKIP,v3_requires_n_mod_4_eq_0,v3,8,513,0,0.5,4104,,,,,
boundary_legal_domain,SKIP,v4_requires_n_mod_4_eq_0,v4,8,513,0,0.5,4104,,,,,
boundary_legal_domain,PASS,,library_cub,8,513,0,0.5,4104,2033,100,0.0492845,0.582009,reports/benchmark/extended_matrix_fair_cub/boundary_legal_domain_library_cub_b8_n513_t0_p0.5.csv
boundary_legal_domain,SKIP,v3_requires_n_mod_4_eq_0,v3,8,1023,0,0.5,8184,,,,,
boundary_legal_domain,SKIP,v4_requires_n_mod_4_eq_0,v4,8,1023,0,0.5,8184,,,,,
boundary_legal_domain,PASS,,library_cub,8,1023,0,0.5,8184,4106,100,0.0492733,1.16444,reports/benchmark/extended_matrix_fair_cub/boundary_legal_domain_library_cub_b8_n1023_t0_p0.5.csv
boundary_legal_domain,PASS,,v3,8,1024,0,0.5,8192,4109,100,0.00885952,6.48207,reports/benchmark/extended_matrix_fair_cub/boundary_legal_domain_v3_b8_n1024_t0_p0.5.csv
boundary_legal_domain,PASS,,v4,8,1024,0,0.5,8192,4109,100,0.00887008,6.47435,reports/benchmark/extended_matrix_fair_cub/boundary_legal_domain_v4_b8_n1024_t0_p0.5.csv
boundary_legal_domain,PASS,,library_cub,8,1024,0,0.5,8192,4109,100,0.0491933,1.1674,reports/benchmark/extended_matrix_fair_cub/boundary_legal_domain_library_cub_b8_n1024_t0_p0.5.csv
boundary_legal_domain,SKIP,v3_requires_n_mod_4_eq_0,v3,8,1025,0,0.5,8200,,,,,
boundary_legal_domain,SKIP,v4_requires_n_mod_4_eq_0,v4,8,1025,0,0.5,8200,,,,,
boundary_legal_domain,PASS,,library_cub,8,1025,0,0.5,8200,4115,100,0.0492346,1.16772,reports/benchmark/extended_matrix_fair_cub/boundary_legal_domain_library_cub_b8_n1025_t0_p0.5.csv
boundary_legal_domain,PASS,,v3,8,4096,0,0.5,32768,16574,100,0.00905504,25.4188,reports/benchmark/extended_matrix_fair_cub/boundary_legal_domain_v3_b8_n4096_t0_p0.5.csv
boundary_legal_domain,PASS,,v4,8,4096,0,0.5,32768,16574,100,0.00881728,26.1042,reports/benchmark/extended_matrix_fair_cub/boundary_legal_domain_v4_b8_n4096_t0_p0.5.csv
boundary_legal_domain,PASS,,library_cub,8,4096,0,0.5,32768,16574,100,0.0492208,4.67623,reports/benchmark/extended_matrix_fair_cub/boundary_legal_domain_library_cub_b8_n4096_t0_p0.5.csv
boundary_legal_domain,SKIP,v3_requires_n_mod_4_eq_0,v3,8,4097,0,0.5,32776,,,,,
boundary_legal_domain,SKIP,v4_requires_n_mod_4_eq_0,v4,8,4097,0,0.5,32776,,,,,
boundary_legal_domain,PASS,,library_cub,8,4097,0,0.5,32776,16580,100,0.0492566,4.67413,reports/benchmark/extended_matrix_fair_cub/boundary_legal_domain_library_cub_b8_n4097_t0_p0.5.csv
large_n_bandwidth,PASS,,v3,8,262144,0,0.5,2097152,1057310,100,0.0252371,583.071,reports/benchmark/extended_matrix_fair_cub/large_n_bandwidth_v3_b8_n262144_t0_p0.5.csv
large_n_bandwidth,PASS,,v4,8,262144,0,0.5,2097152,1057310,100,0.0252477,582.827,reports/benchmark/extended_matrix_fair_cub/large_n_bandwidth_v4_b8_n262144_t0_p0.5.csv
large_n_bandwidth,PASS,,library_cub,8,262144,0,0.5,2097152,1057310,100,0.0491731,299.25,reports/benchmark/extended_matrix_fair_cub/large_n_bandwidth_library_cub_b8_n262144_t0_p0.5.csv
large_n_bandwidth,PASS,,v3,8,524288,0,0.5,4194304,2112631,100,0.0375341,783.876,reports/benchmark/extended_matrix_fair_cub/large_n_bandwidth_v3_b8_n524288_t0_p0.5.csv
large_n_bandwidth,PASS,,v4,8,524288,0,0.5,4194304,2112631,100,0.0375731,783.062,reports/benchmark/extended_matrix_fair_cub/large_n_bandwidth_v4_b8_n524288_t0_p0.5.csv
large_n_bandwidth,PASS,,library_cub,8,524288,0,0.5,4194304,2112631,100,0.0656298,448.304,reports/benchmark/extended_matrix_fair_cub/large_n_bandwidth_library_cub_b8_n524288_t0_p0.5.csv
large_n_bandwidth,PASS,,v3,8,1048576,0,0.5,8388608,4226803,100,0.0647789,908.48,reports/benchmark/extended_matrix_fair_cub/large_n_bandwidth_v3_b8_n1048576_t0_p0.5.csv
large_n_bandwidth,PASS,,v4,8,1048576,0,0.5,8388608,4226803,100,0.0683837,860.59,reports/benchmark/extended_matrix_fair_cub/large_n_bandwidth_v4_b8_n1048576_t0_p0.5.csv
large_n_bandwidth,PASS,,library_cub,8,1048576,0,0.5,8388608,4226803,100,0.0961507,612.063,reports/benchmark/extended_matrix_fair_cub/large_n_bandwidth_library_cub_b8_n1048576_t0_p0.5.csv
large_n_bandwidth,PASS,,v3,8,2097152,0,0.5,16777216,8453139,100,0.27682,425.181,reports/benchmark/extended_matrix_fair_cub/large_n_bandwidth_v3_b8_n2097152_t0_p0.5.csv
large_n_bandwidth,PASS,,v4,8,2097152,0,0.5,16777216,8453139,100,0.276297,425.987,reports/benchmark/extended_matrix_fair_cub/large_n_bandwidth_v4_b8_n2097152_t0_p0.5.csv
large_n_bandwidth,PASS,,library_cub,8,2097152,0,0.5,16777216,8453139,100,0.17801,661.19,reports/benchmark/extended_matrix_fair_cub/large_n_bandwidth_library_cub_b8_n2097152_t0_p0.5.csv
large_n_bandwidth,PASS,,v3,8,4194304,0,0.5,33554432,16906759,100,0.559344,420.849,reports/benchmark/extended_matrix_fair_cub/large_n_bandwidth_v3_b8_n4194304_t0_p0.5.csv
large_n_bandwidth,PASS,,v4,8,4194304,0,0.5,33554432,16906759,100,0.557879,421.954,reports/benchmark/extended_matrix_fair_cub/large_n_bandwidth_v4_b8_n4194304_t0_p0.5.csv
large_n_bandwidth,PASS,,library_cub,8,4194304,0,0.5,33554432,16906759,100,0.349204,674.102,reports/benchmark/extended_matrix_fair_cub/large_n_bandwidth_library_cub_b8_n4194304_t0_p0.5.csv
batch_scaling,PASS,,v3,1,131072,0,0.5,131072,65918,100,0.00898176,102.322,reports/benchmark/extended_matrix_fair_cub/batch_scaling_v3_b1_n131072_t0_p0.5.csv
batch_scaling,PASS,,v4,1,131072,0,0.5,131072,65918,100,0.0104166,88.2277,reports/benchmark/extended_matrix_fair_cub/batch_scaling_v4_b1_n131072_t0_p0.5.csv
batch_scaling,PASS,,library_cub,1,131072,0,0.5,131072,65918,100,0.00616576,149.055,reports/benchmark/extended_matrix_fair_cub/batch_scaling_library_cub_b1_n131072_t0_p0.5.csv
batch_scaling,PASS,,v3,2,131072,0,0.5,262144,132036,100,0.0126864,144.948,reports/benchmark/extended_matrix_fair_cub/batch_scaling_v3_b2_n131072_t0_p0.5.csv
batch_scaling,PASS,,v4,2,131072,0,0.5,262144,132036,100,0.0120221,152.958,reports/benchmark/extended_matrix_fair_cub/batch_scaling_v4_b2_n131072_t0_p0.5.csv
batch_scaling,PASS,,library_cub,2,131072,0,0.5,262144,132036,100,0.0123469,148.934,reports/benchmark/extended_matrix_fair_cub/batch_scaling_library_cub_b2_n131072_t0_p0.5.csv
batch_scaling,PASS,,v3,3,131072,0,0.5,393216,197944,100,0.0149805,184.097,reports/benchmark/extended_matrix_fair_cub/batch_scaling_v3_b3_n131072_t0_p0.5.csv
batch_scaling,PASS,,v4,3,131072,0,0.5,393216,197944,100,0.015,183.858,reports/benchmark/extended_matrix_fair_cub/batch_scaling_v4_b3_n131072_t0_p0.5.csv
batch_scaling,PASS,,library_cub,3,131072,0,0.5,393216,197944,100,0.0185066,149.021,reports/benchmark/extended_matrix_fair_cub/batch_scaling_library_cub_b3_n131072_t0_p0.5.csv
batch_scaling,PASS,,v3,4,131072,0,0.5,524288,264038,100,0.0149926,245.294,reports/benchmark/extended_matrix_fair_cub/batch_scaling_v3_b4_n131072_t0_p0.5.csv
batch_scaling,PASS,,v4,4,131072,0,0.5,524288,264038,100,0.014991,245.32,reports/benchmark/extended_matrix_fair_cub/batch_scaling_v4_b4_n131072_t0_p0.5.csv
batch_scaling,PASS,,library_cub,4,131072,0,0.5,524288,264038,100,0.024687,148.969,reports/benchmark/extended_matrix_fair_cub/batch_scaling_library_cub_b4_n131072_t0_p0.5.csv
batch_scaling,PASS,,v3,7,131072,0,0.5,917504,462817,100,0.0190963,337.176,reports/benchmark/extended_matrix_fair_cub/batch_scaling_v3_b7_n131072_t0_p0.5.csv
batch_scaling,PASS,,v4,7,131072,0,0.5,917504,462817,100,0.0191011,337.091,reports/benchmark/extended_matrix_fair_cub/batch_scaling_v4_b7_n131072_t0_p0.5.csv
batch_scaling,PASS,,library_cub,7,131072,0,0.5,917504,462817,100,0.0430307,149.633,reports/benchmark/extended_matrix_fair_cub/batch_scaling_library_cub_b7_n131072_t0_p0.5.csv
batch_scaling,PASS,,v3,8,131072,0,0.5,1048576,528812,100,0.0191072,385.099,reports/benchmark/extended_matrix_fair_cub/batch_scaling_v3_b8_n131072_t0_p0.5.csv
batch_scaling,PASS,,v4,8,131072,0,0.5,1048576,528812,100,0.0190768,385.712,reports/benchmark/extended_matrix_fair_cub/batch_scaling_v4_b8_n131072_t0_p0.5.csv
batch_scaling,PASS,,library_cub,8,131072,0,0.5,1048576,528812,100,0.0491613,149.674,reports/benchmark/extended_matrix_fair_cub/batch_scaling_library_cub_b8_n131072_t0_p0.5.csv
batch_scaling,PASS,,v3,16,131072,0,0.5,2097152,1057310,100,0.0252214,583.435,reports/benchmark/extended_matrix_fair_cub/batch_scaling_v3_b16_n131072_t0_p0.5.csv
batch_scaling,PASS,,v4,16,131072,0,0.5,2097152,1057310,100,0.0252218,583.427,reports/benchmark/extended_matrix_fair_cub/batch_scaling_v4_b16_n131072_t0_p0.5.csv
batch_scaling,PASS,,library_cub,16,131072,0,0.5,2097152,1057310,100,0.0984442,149.476,reports/benchmark/extended_matrix_fair_cub/batch_scaling_library_cub_b16_n131072_t0_p0.5.csv
batch_scaling,PASS,,v3,32,131072,0,0.5,4194304,2112631,100,0.037537,783.819,reports/benchmark/extended_matrix_fair_cub/batch_scaling_v3_b32_n131072_t0_p0.5.csv
batch_scaling,PASS,,v4,32,131072,0,0.5,4194304,2112631,100,0.0375542,783.458,reports/benchmark/extended_matrix_fair_cub/batch_scaling_v4_b32_n131072_t0_p0.5.csv
batch_scaling,PASS,,library_cub,32,131072,0,0.5,4194304,2112631,100,0.196765,149.529,reports/benchmark/extended_matrix_fair_cub/batch_scaling_library_cub_b32_n131072_t0_p0.5.csv
threshold_distribution,PASS,,v3,8,1048576,-17,0.5,8388608,4226803,100,0.0647114,909.427,reports/benchmark/extended_matrix_fair_cub/threshold_distribution_v3_b8_n1048576_t-17_p0.5.csv
threshold_distribution,PASS,,v4,8,1048576,-17,0.5,8388608,4226803,100,0.0684499,859.757,reports/benchmark/extended_matrix_fair_cub/threshold_distribution_v4_b8_n1048576_t-17_p0.5.csv
threshold_distribution,PASS,,library_cub,8,1048576,-17,0.5,8388608,4226803,100,0.0957232,614.796,reports/benchmark/extended_matrix_fair_cub/threshold_distribution_library_cub_b8_n1048576_t-17_p0.5.csv
threshold_distribution,PASS,,v3,8,1048576,0,0.5,8388608,4226803,100,0.0647856,908.385,reports/benchmark/extended_matrix_fair_cub/threshold_distribution_v3_b8_n1048576_t0_p0.5.csv
threshold_distribution,PASS,,v4,8,1048576,0,0.5,8388608,4226803,100,0.0682403,862.398,reports/benchmark/extended_matrix_fair_cub/threshold_distribution_v4_b8_n1048576_t0_p0.5.csv
threshold_distribution,PASS,,library_cub,8,1048576,0,0.5,8388608,4226803,100,0.0959206,613.531,reports/benchmark/extended_matrix_fair_cub/threshold_distribution_library_cub_b8_n1048576_t0_p0.5.csv
threshold_distribution,PASS,,v3,8,1048576,23,0.5,8388608,4226803,100,0.0646797,909.873,reports/benchmark/extended_matrix_fair_cub/threshold_distribution_v3_b8_n1048576_t23_p0.5.csv
threshold_distribution,PASS,,v4,8,1048576,23,0.5,8388608,4226803,100,0.0683811,860.622,reports/benchmark/extended_matrix_fair_cub/threshold_distribution_v4_b8_n1048576_t23_p0.5.csv
threshold_distribution,PASS,,library_cub,8,1048576,23,0.5,8388608,4226803,100,0.0956701,615.138,reports/benchmark/extended_matrix_fair_cub/threshold_distribution_library_cub_b8_n1048576_t23_p0.5.csv
