config,batch_size,n,keep_prob,library_cub_device_select_ms,library_cub_device_select_gbps,v1_ms,v1_gbps,v2_ms,v2_gbps,v3_ms,v3_gbps,v4_ms,v4_gbps,v5_ms,v5_gbps,winner,row_best_ms
B=1 N=1024 p=0.01,1,1024,0.01,0.00628448,1.12786,0.0089648,0.790648,0.00883744,0.802042,0.00897728,0.789549,0.00883968,0.801839,0.00885504,0.800448,library_cub_device_select,0.00628448
B=1 N=1024 p=0.1,1,1024,0.1,0.00639808,1.10783,0.00884192,0.801636,0.00881888,0.80373,0.0088416,0.801665,0.00906528,0.781884,0.00883808,0.801984,library_cub_device_select,0.00639808
B=1 N=1024 p=0.5,1,1024,0.5,0.00638976,1.10927,0.008848,0.801085,0.00882368,0.803293,0.00885312,0.800622,0.00884256,0.801578,0.008864,0.799639,library_cub_device_select,0.00638976
B=1 N=1024 p=0.9,1,1024,0.9,0.00615296,1.15197,0.00887072,0.799033,0.00881728,0.803876,0.0088272,0.802973,0.00882976,0.80274,0.0088848,0.797767,library_cub_device_select,0.00615296
B=1 N=1024 p=0.99,1,1024,0.99,0.00628416,1.12792,0.00883264,0.802478,0.00882656,0.803031,0.00884832,0.801056,0.00882272,0.80338,0.00887264,0.79886,library_cub_device_select,0.00628416
B=1 N=8192 p=0.01,1,8192,0.01,0.006168,9.3061,0.00886944,6.47166,0.00883232,6.49886,0.00885088,6.48523,0.00879808,6.52415,0.0109258,5.25364,library_cub_device_select,0.006168
B=1 N=8192 p=0.1,1,8192,0.1,0.00616672,9.30803,0.00885728,6.48054,0.00885024,6.4857,0.00883936,6.49368,0.00889248,6.45489,0.0109213,5.25579,library_cub_device_select,0.00616672
B=1 N=8192 p=0.5,1,8192,0.5,0.00616864,9.30513,0.00883296,6.49839,0.00884896,6.48664,0.00884736,6.48781,0.00887808,6.46536,0.0109162,5.25826,library_cub_device_select,0.00616864
B=1 N=8192 p=0.9,1,8192,0.9,0.00618592,9.27914,0.00889728,6.45141,0.00883264,6.49862,0.00886912,6.47189,0.00886496,6.47493,0.0108739,5.27869,library_cub_device_select,0.00618592
B=1 N=8192 p=0.99,1,8192,0.99,0.00622624,9.21905,0.00883712,6.49533,0.00885888,6.47937,0.00886464,6.47516,0.00885472,6.48242,0.0109114,5.26057,library_cub_device_select,0.00622624
B=1 N=131072 p=0.01,1,131072,0.01,0.00621408,147.896,0.0128586,71.4727,0.0127782,71.922,0.0090272,101.807,0.0109571,83.8757,0.0109808,83.6948,library_cub_device_select,0.00621408
B=1 N=131072 p=0.1,1,131072,0.1,0.00617024,148.947,0.0127648,71.9977,0.012768,71.9796,0.00896096,102.56,0.0107402,85.57,0.0110022,83.5317,library_cub_device_select,0.00617024
B=1 N=131072 p=0.5,1,131072,0.5,0.00620288,148.163,0.0127792,71.9165,0.0126496,72.6534,0.0089648,102.516,0.0109114,84.2275,0.0109456,83.964,library_cub_device_select,0.00620288
B=1 N=131072 p=0.9,1,131072,0.9,0.00616576,149.055,0.0128563,71.4852,0.0127696,71.9706,0.00900576,102.05,0.0110128,83.4516,0.0110541,83.14,library_cub_device_select,0.00616576
B=1 N=131072 p=0.99,1,131072,0.99,0.00641088,143.356,0.0128627,71.4496,0.0127581,72.0356,0.00899232,102.202,0.0110067,83.4977,0.0110381,83.2605,library_cub_device_select,0.00641088
B=1 N=1048576 p=0.01,1,1048576,0.01,0.0103402,711.607,0.0363402,202.479,0.0313664,234.586,0.0190906,385.433,0.0190976,385.291,0.0202182,363.935,library_cub_device_select,0.0103402
B=1 N=1048576 p=0.1,1,1048576,0.1,0.0102614,717.066,0.0363462,202.445,0.031368,234.574,0.0190925,385.394,0.0190691,385.866,0.0199011,369.735,library_cub_device_select,0.0102614
B=1 N=1048576 p=0.5,1,1048576,0.5,0.010313,713.484,0.0362099,203.208,0.0313715,234.548,0.0190883,385.478,0.0190813,385.62,0.0200003,367.901,library_cub_device_select,0.010313
B=1 N=1048576 p=0.9,1,1048576,0.9,0.0102666,716.709,0.0361117,203.76,0.0313376,234.802,0.0190906,385.433,0.0190714,385.821,0.0202883,362.678,library_cub_device_select,0.0102666
B=1 N=1048576 p=0.99,1,1048576,0.99,0.0102854,715.393,0.0361578,203.501,0.0313734,234.534,0.0190938,385.368,0.0190858,385.53,0.0200534,366.926,library_cub_device_select,0.0102854
B=2 N=1024 p=0.01,2,1024,0.01,0.0123674,1.15498,0.00893472,1.59871,0.00883584,1.6166,0.00884096,1.61566,0.00883904,1.61601,0.00882912,1.61783,v5,0.00882912
B=2 N=1024 p=0.1,2,1024,0.1,0.0123334,1.15815,0.00893856,1.59802,0.00883072,1.61754,0.00882112,1.6193,0.00881536,1.62035,0.0088528,1.6135,v4,0.00881536
B=2 N=1024 p=0.5,2,1024,0.5,0.0123334,1.15815,0.0088432,1.61525,0.00883744,1.61631,0.0089488,1.59619,0.0089408,1.59762,0.00883232,1.61724,v5,0.00883232
B=2 N=1024 p=0.9,2,1024,0.9,0.0123469,1.15689,0.00886048,1.6121,0.00888192,1.60821,0.00882912,1.61783,0.00905152,1.57808,0.00888256,1.60809,v3,0.00882912
B=2 N=1024 p=0.99,2,1024,0.99,0.0123085,1.1605,0.00888928,1.60688,0.00889024,1.60671,0.00890048,1.60486,0.00890432,1.60417,0.00883584,1.6166,v5,0.00883584
B=2 N=8192 p=0.01,2,8192,0.01,0.0123226,9.32988,0.00882528,13.0271,0.00885056,12.9899,0.00887552,12.9534,0.0088432,13.0007,0.0108851,10.5619,v1,0.00882528
B=2 N=8192 p=0.1,2,8192,0.1,0.0123322,9.32262,0.0088736,12.9562,0.00884672,12.9956,0.00889248,12.9287,0.00885472,12.9838,0.0109226,10.5257,v2,0.00884672
B=2 N=8192 p=0.5,2,8192,0.5,0.0123658,9.29729,0.00883296,13.0158,0.00885216,12.9876,0.00883168,13.0177,0.00884608,12.9965,0.010936,10.5128,v3,0.00883168
B=2 N=8192 p=0.9,2,8192,0.9,0.012353,9.30692,0.00882624,13.0257,0.00891264,12.8994,0.00882592,13.0262,0.00881408,13.0437,0.0108752,10.5716,v4,0.00881408
B=2 N=8192 p=0.99,2,8192,0.99,0.012457,9.22922,0.00895456,12.839,0.00884416,12.9993,0.00884352,13.0003,0.00885568,12.9824,0.010905,10.5427,v3,0.00884352
B=2 N=131072 p=0.01,2,131072,0.01,0.0123594,148.784,0.0141443,130.008,0.0129798,141.671,0.0126685,145.153,0.0121107,151.838,0.0127603,144.109,v4,0.0121107
B=2 N=131072 p=0.1,2,131072,0.1,0.012287,149.659,0.0142272,129.25,0.012929,142.229,0.0126502,145.363,0.012152,151.323,0.0127251,144.507,v4,0.012152
B=2 N=131072 p=0.5,2,131072,0.5,0.0123421,148.992,0.014056,130.825,0.0129434,142.071,0.0126717,145.117,0.0121981,150.751,0.0127558,144.159,v4,0.0121981
B=2 N=131072 p=0.9,2,131072,0.9,0.0124448,147.762,0.0140694,130.7,0.0130256,141.174,0.0126682,145.157,0.0120784,152.245,0.0127606,144.105,v4,0.0120784
B=2 N=131072 p=0.99,2,131072,0.99,0.0124854,147.281,0.0139885,131.456,0.0129667,141.815,0.0126851,144.963,0.0120931,152.059,0.0127286,144.467,v4,0.0120931
B=2 N=1048576 p=0.01,2,1048576,0.01,0.0205466,716.179,0.051967,283.16,0.0502387,292.902,0.0252128,583.632,0.0253011,581.595,0.0231693,635.109,library_cub_device_select,0.0205466
B=2 N=1048576 p=0.1,2,1048576,0.1,0.0205747,715.198,0.0519219,283.406,0.0503917,292.013,0.0252278,583.285,0.0252294,583.248,0.0232077,634.058,library_cub_device_select,0.0205747
B=2 N=1048576 p=0.5,2,1048576,0.5,0.0205011,717.766,0.0519626,283.185,0.050512,291.317,0.0251994,583.944,0.0252189,583.492,0.0231888,634.574,library_cub_device_select,0.0205011
B=2 N=1048576 p=0.9,2,1048576,0.9,0.020535,716.58,0.0519542,283.23,0.0504861,291.467,0.0252093,583.714,0.025264,582.45,0.0231923,634.478,library_cub_device_select,0.020535
B=2 N=1048576 p=0.99,2,1048576,0.99,0.0205734,715.243,0.0519542,283.23,0.0505638,291.018,0.0252426,582.944,0.02524,583.004,0.0231744,634.968,library_cub_device_select,0.0205734
B=8 N=1024 p=0.01,8,1024,0.01,0.0491376,1.16872,0.0088288,6.50462,0.00883328,6.50132,0.00881376,6.51572,0.00882368,6.5084,0.0088288,6.50462,v3,0.00881376
B=8 N=1024 p=0.1,8,1024,0.1,0.049161,1.16816,0.00886432,6.47856,0.00887744,6.46898,0.00884416,6.49332,0.00884192,6.49497,0.00881376,6.51572,v5,0.00881376
B=8 N=1024 p=0.5,8,1024,0.5,0.0491696,1.16796,0.00886336,6.47926,0.00883648,6.49897,0.00884256,6.4945,0.00883456,6.50038,0.00882304,6.50887,v5,0.00882304
B=8 N=1024 p=0.9,8,1024,0.9,0.0492131,1.16692,0.00884768,6.49074,0.00889152,6.45874,0.00888672,6.46223,0.00882848,6.50486,0.00889952,6.45293,v4,0.00882848
B=8 N=1024 p=0.99,8,1024,0.99,0.0491568,1.16826,0.00884992,6.4891,0.0088624,6.47996,0.00883872,6.49732,0.00883072,6.50321,0.0088688,6.47528,v4,0.00883072
B=8 N=8192 p=0.01,8,8192,0.01,0.0493258,9.32997,0.00902816,50.9747,0.0089376,51.4912,0.0089024,51.6948,0.00884576,52.0258,0.01124,40.9438,v4,0.00884576
B=8 N=8192 p=0.1,8,8192,0.1,0.0492758,9.33942,0.00895136,51.4121,0.00885632,51.9638,0.00895424,51.3955,0.00891712,51.6095,0.0109885,41.881,v2,0.00885632
B=8 N=8192 p=0.5,8,8192,0.5,0.0492426,9.34574,0.00899872,51.1415,0.00879712,52.3135,0.00896096,51.357,0.00881408,52.2128,0.0111568,41.2491,v2,0.00879712
B=8 N=8192 p=0.9,8,8192,0.9,0.0492998,9.33488,0.00895104,51.4139,0.00886944,51.8869,0.0088704,51.8813,0.00879936,52.3002,0.0111302,41.3475,v4,0.00879936
B=8 N=8192 p=0.99,8,8192,0.99,0.0491389,9.36546,0.00906944,50.7427,0.0088592,51.9469,0.00891136,51.6428,0.00885344,51.9807,0.0111146,41.4059,v4,0.00885344
B=8 N=131072 p=0.01,8,131072,0.01,0.0492339,149.453,0.0300621,244.766,0.0293446,250.75,0.019089,385.467,0.0190794,385.661,0.0203194,362.126,v4,0.0190794
B=8 N=131072 p=0.1,8,131072,0.1,0.0492253,149.479,0.0300227,245.086,0.0293098,251.048,0.0191248,384.744,0.0190973,385.299,0.0202221,363.868,v4,0.0190973
B=8 N=131072 p=0.5,8,131072,0.5,0.0492794,149.315,0.030136,244.165,0.0293542,250.668,0.0190883,385.48,0.0190947,385.35,0.0201229,365.661,v3,0.0190883
B=8 N=131072 p=0.9,8,131072,0.9,0.0492979,149.259,0.0301398,244.134,0.0293773,250.471,0.019089,385.467,0.0190694,385.861,0.0202534,363.304,v4,0.0190694
B=8 N=131072 p=0.99,8,131072,0.99,0.0491997,149.557,0.0302208,243.48,0.02932,250.96,0.0190909,385.428,0.0190826,385.596,0.0200861,366.331,v4,0.0190826
B=8 N=1048576 p=0.01,8,1048576,0.01,0.0960608,612.636,0.197525,297.939,0.160309,367.105,0.0647923,908.291,0.0684595,859.636,0.0623184,944.348,v5,0.0623184
B=8 N=1048576 p=0.1,8,1048576,0.1,0.0956832,615.053,0.197453,298.047,0.16023,367.285,0.0646419,910.404,0.0684138,860.211,0.0621635,946.701,v5,0.0621635
B=8 N=1048576 p=0.5,8,1048576,0.5,0.0957024,614.93,0.197425,298.09,0.160225,367.298,0.0646893,909.738,0.0684128,860.223,0.0622048,946.073,v5,0.0622048
B=8 N=1048576 p=0.9,8,1048576,0.9,0.0956854,615.039,0.197444,298.06,0.160277,367.178,0.0648301,907.762,0.0684934,859.211,0.0622278,945.723,v5,0.0622278
B=8 N=1048576 p=0.99,8,1048576,0.99,0.0957984,614.314,0.197516,297.951,0.160335,367.045,0.0648061,908.098,0.0683914,860.493,0.0621565,946.808,v5,0.0621565
B=16 N=1024 p=0.01,16,1024,0.01,0.0983258,1.16983,0.00887872,12.955,0.00882304,13.0368,0.0088368,13.0165,0.00883008,13.0264,0.00882432,13.0349,v2,0.00882304
B=16 N=1024 p=0.1,16,1024,0.1,0.0983757,1.16923,0.00890272,12.9201,0.0088576,12.9859,0.00886848,12.97,0.00882144,13.0391,0.00886208,12.9793,v4,0.00882144
B=16 N=1024 p=0.5,16,1024,0.5,0.0983395,1.16966,0.00910464,12.6336,0.00885344,12.992,0.00886304,12.9779,0.00885056,12.9962,0.00885856,12.9845,v4,0.00885056
B=16 N=1024 p=0.9,16,1024,0.9,0.0983645,1.16937,0.00887808,12.956,0.00882784,13.0297,0.00886816,12.9704,0.00884512,13.0042,0.00883456,13.0198,v2,0.00882784
B=16 N=1024 p=0.99,16,1024,0.99,0.0997626,1.15298,0.00882144,13.0391,0.00885664,12.9873,0.00887232,12.9644,0.00857376,13.4158,0.00882528,13.0335,v4,0.00857376
B=16 N=8192 p=0.01,16,8192,0.01,0.0984013,9.34029,0.0127827,71.9014,0.0127376,72.1561,0.00991392,92.7076,0.0108627,84.6101,0.0122205,75.2095,v3,0.00991392
B=16 N=8192 p=0.1,16,8192,0.1,0.0983776,9.34253,0.012831,71.6307,0.0127709,71.9681,0.00991616,92.6867,0.0108301,84.8651,0.0120867,76.0418,v3,0.00991616
B=16 N=8192 p=0.5,16,8192,0.5,0.0983504,9.34512,0.0128355,71.6057,0.012759,72.0349,0.0099808,92.0864,0.0107248,85.6982,0.0120198,76.4649,v3,0.0099808
B=16 N=8192 p=0.9,16,8192,0.9,0.098296,9.35029,0.0128003,71.8026,0.0127795,71.9194,0.00985184,93.2918,0.0109149,84.2058,0.0120256,76.4283,v3,0.00985184
B=16 N=8192 p=0.99,16,8192,0.99,0.0983373,9.34636,0.0129098,71.1939,0.0127693,71.9771,0.00982144,93.5806,0.0107725,85.3189,0.0121584,75.5935,v3,0.00982144
B=16 N=131072 p=0.01,16,131072,0.01,0.0983997,149.544,0.0478307,307.649,0.0477731,308.02,0.0252058,583.798,0.0252512,582.747,0.023209,634.025,v5,0.023209
B=16 N=131072 p=0.1,16,131072,0.1,0.0983725,149.585,0.047791,307.904,0.0477712,308.032,0.0252205,583.457,0.0252512,582.747,0.0231984,634.314,v5,0.0231984
B=16 N=131072 p=0.5,16,131072,0.5,0.0984234,149.508,0.047783,307.956,0.0477558,308.131,0.0252128,583.635,0.0252106,583.687,0.0232253,633.58,v5,0.0232253
B=16 N=131072 p=0.9,16,131072,0.9,0.0984413,149.481,0.0477936,307.888,0.0477677,308.055,0.0252326,583.176,0.0252362,583.094,0.0231898,634.55,v5,0.0231898
B=16 N=131072 p=0.99,16,131072,0.99,0.0984243,149.506,0.0477955,307.875,0.0477626,308.088,0.0252966,581.7,0.0252096,583.709,0.0232032,634.183,v5,0.0232032
B=16 N=1048576 p=0.01,16,1048576,0.01,0.229593,512.641,0.434959,270.597,0.425437,276.654,0.271773,433.077,0.271756,433.104,0.275942,426.535,library_cub_device_select,0.229593
B=16 N=1048576 p=0.1,16,1048576,0.1,0.22953,512.782,0.435239,270.423,0.427367,275.404,0.271389,433.69,0.271885,432.899,0.275847,426.681,library_cub_device_select,0.22953
B=16 N=1048576 p=0.5,16,1048576,0.5,0.229552,512.733,0.434824,270.681,0.426643,275.872,0.271823,432.997,0.271747,433.119,0.276092,426.303,library_cub_device_select,0.229552
B=16 N=1048576 p=0.9,16,1048576,0.9,0.229544,512.749,0.434748,270.729,0.427668,275.21,0.27147,433.56,0.271893,432.885,0.275797,426.759,library_cub_device_select,0.229544
B=16 N=1048576 p=0.99,16,1048576,0.99,0.229613,512.596,0.434928,270.616,0.426603,275.898,0.271363,433.731,0.271805,433.026,0.275534,427.166,library_cub_device_select,0.229613
