status,mode,batch_size,n,avg_ms,logical_gbps,total_count,csv,returncode,elapsed_s,error
PASS,library_cub_device_select,1,32,0.00616512,0.0389287,19,/home/silenceduke/vscode-project/compact_kernel_lab/reports/benchmark/library_cub_device_select_b1_n32_t0_p0.5_v4_flow_latest.csv,0,0.286,
PASS,v2,1,32,0.00850464,0.0282199,19,/home/silenceduke/vscode-project/compact_kernel_lab/reports/benchmark/v2_b1_n32_t0_p0.5_v4_flow_latest.csv,0,0.201,
PASS,v3,1,32,0.00850752,0.0282103,19,/home/silenceduke/vscode-project/compact_kernel_lab/reports/benchmark/v3_b1_n32_t0_p0.5_v4_flow_latest.csv,0,0.199,
PASS,v4,1,32,0.00854544,0.0280852,19,/home/silenceduke/vscode-project/compact_kernel_lab/reports/benchmark/v4_b1_n32_t0_p0.5_v4_flow_latest.csv,0,0.199,
PASS,library_cub_device_select,1,256,0.00623664,0.282845,120,/home/silenceduke/vscode-project/compact_kernel_lab/reports/benchmark/library_cub_device_select_b1_n256_t0_p0.5_v4_flow_latest.csv,0,0.198,
PASS,v2,1,256,0.00851728,0.207108,120,/home/silenceduke/vscode-project/compact_kernel_lab/reports/benchmark/v2_b1_n256_t0_p0.5_v4_flow_latest.csv,0,0.196,
PASS,v3,1,256,0.00852192,0.206996,120,/home/silenceduke/vscode-project/compact_kernel_lab/reports/benchmark/v3_b1_n256_t0_p0.5_v4_flow_latest.csv,0,0.195,
PASS,v4,1,256,0.00851296,0.207213,120,/home/silenceduke/vscode-project/compact_kernel_lab/reports/benchmark/v4_b1_n256_t0_p0.5_v4_flow_latest.csv,0,0.192,
PASS,library_cub_device_select,1,512,0.00616864,0.570628,239,/home/silenceduke/vscode-project/compact_kernel_lab/reports/benchmark/library_cub_device_select_b1_n512_t0_p0.5_v4_flow_latest.csv,0,0.184,
PASS,v2,1,512,0.00853152,0.412588,239,/home/silenceduke/vscode-project/compact_kernel_lab/reports/benchmark/v2_b1_n512_t0_p0.5_v4_flow_latest.csv,0,0.194,
PASS,v3,1,512,0.008512,0.413534,239,/home/silenceduke/vscode-project/compact_kernel_lab/reports/benchmark/v3_b1_n512_t0_p0.5_v4_flow_latest.csv,0,0.200,
PASS,v4,1,512,0.00851344,0.413464,239,/home/silenceduke/vscode-project/compact_kernel_lab/reports/benchmark/v4_b1_n512_t0_p0.5_v4_flow_latest.csv,0,0.199,
PASS,library_cub_device_select,1,1024,0.00623728,1.13639,491,/home/silenceduke/vscode-project/compact_kernel_lab/reports/benchmark/library_cub_device_select_b1_n1024_t0_p0.5_v4_flow_latest.csv,0,0.185,
PASS,v2,1,1024,0.00851952,0.831972,491,/home/silenceduke/vscode-project/compact_kernel_lab/reports/benchmark/v2_b1_n1024_t0_p0.5_v4_flow_latest.csv,0,0.193,
PASS,v3,1,1024,0.00851424,0.832488,491,/home/silenceduke/vscode-project/compact_kernel_lab/reports/benchmark/v3_b1_n1024_t0_p0.5_v4_flow_latest.csv,0,0.192,
PASS,v4,1,1024,0.00852016,0.831909,491,/home/silenceduke/vscode-project/compact_kernel_lab/reports/benchmark/v4_b1_n1024_t0_p0.5_v4_flow_latest.csv,0,0.193,
PASS,library_cub_device_select,1,8192,0.00618544,9.27986,4109,/home/silenceduke/vscode-project/compact_kernel_lab/reports/benchmark/library_cub_device_select_b1_n8192_t0_p0.5_v4_flow_latest.csv,0,0.181,
PASS,v2,1,8192,0.00852384,6.73405,4109,/home/silenceduke/vscode-project/compact_kernel_lab/reports/benchmark/v2_b1_n8192_t0_p0.5_v4_flow_latest.csv,0,0.182,
PASS,v3,1,8192,0.0085416,6.72005,4109,/home/silenceduke/vscode-project/compact_kernel_lab/reports/benchmark/v3_b1_n8192_t0_p0.5_v4_flow_latest.csv,0,0.194,
PASS,v4,1,8192,0.00858496,6.68611,4109,/home/silenceduke/vscode-project/compact_kernel_lab/reports/benchmark/v4_b1_n8192_t0_p0.5_v4_flow_latest.csv,0,0.200,
PASS,library_cub_device_select,1,131072,0.00616512,149.07,65918,/home/silenceduke/vscode-project/compact_kernel_lab/reports/benchmark/library_cub_device_select_b1_n131072_t0_p0.5_v4_flow_latest.csv,0,0.187,
PASS,v2,1,131072,0.0124854,73.6086,65918,/home/silenceduke/vscode-project/compact_kernel_lab/reports/benchmark/v2_b1_n131072_t0_p0.5_v4_flow_latest.csv,0,0.196,
PASS,v3,1,131072,0.00943792,97.377,65918,/home/silenceduke/vscode-project/compact_kernel_lab/reports/benchmark/v3_b1_n131072_t0_p0.5_v4_flow_latest.csv,0,0.195,
PASS,v4,1,131072,0.00956736,96.0595,65918,/home/silenceduke/vscode-project/compact_kernel_lab/reports/benchmark/v4_b1_n131072_t0_p0.5_v4_flow_latest.csv,0,0.200,
PASS,library_cub_device_select,1,1048576,0.0102618,717.044,528812,/home/silenceduke/vscode-project/compact_kernel_lab/reports/benchmark/library_cub_device_select_b1_n1048576_t0_p0.5_v4_flow_latest.csv,0,0.200,
PASS,v2,1,1048576,0.0310414,237.042,528812,/home/silenceduke/vscode-project/compact_kernel_lab/reports/benchmark/v2_b1_n1048576_t0_p0.5_v4_flow_latest.csv,0,0.208,
PASS,v3,1,1048576,0.0187576,392.275,528812,/home/silenceduke/vscode-project/compact_kernel_lab/reports/benchmark/v3_b1_n1048576_t0_p0.5_v4_flow_latest.csv,0,0.213,
PASS,v4,1,1048576,0.0187714,391.987,528812,/home/silenceduke/vscode-project/compact_kernel_lab/reports/benchmark/v4_b1_n1048576_t0_p0.5_v4_flow_latest.csv,0,0.222,
PASS,library_cub_device_select,2,32,0.0035352,0.128988,32,/home/silenceduke/vscode-project/compact_kernel_lab/reports/benchmark/library_cub_device_select_b2_n32_t0_p0.5_v4_flow_latest.csv,0,0.180,
PASS,v2,2,32,0.00850368,0.0536238,32,/home/silenceduke/vscode-project/compact_kernel_lab/reports/benchmark/v2_b2_n32_t0_p0.5_v4_flow_latest.csv,0,0.197,
PASS,v3,2,32,0.008548,0.0533458,32,/home/silenceduke/vscode-project/compact_kernel_lab/reports/benchmark/v3_b2_n32_t0_p0.5_v4_flow_latest.csv,0,0.188,
PASS,v4,2,32,0.00853072,0.0534539,32,/home/silenceduke/vscode-project/compact_kernel_lab/reports/benchmark/v4_b2_n32_t0_p0.5_v4_flow_latest.csv,0,0.191,
PASS,library_cub_device_select,2,256,0.00364224,0.967537,239,/home/silenceduke/vscode-project/compact_kernel_lab/reports/benchmark/library_cub_device_select_b2_n256_t0_p0.5_v4_flow_latest.csv,0,0.200,
PASS,v2,2,256,0.00853088,0.413087,239,/home/silenceduke/vscode-project/compact_kernel_lab/reports/benchmark/v2_b2_n256_t0_p0.5_v4_flow_latest.csv,0,0.200,
PASS,v3,2,256,0.00856336,0.411521,239,/home/silenceduke/vscode-project/compact_kernel_lab/reports/benchmark/v3_b2_n256_t0_p0.5_v4_flow_latest.csv,0,0.203,
PASS,v4,2,256,0.00851952,0.413638,239,/home/silenceduke/vscode-project/compact_kernel_lab/reports/benchmark/v4_b2_n256_t0_p0.5_v4_flow_latest.csv,0,0.197,
PASS,library_cub_device_select,2,512,0.0034784,2.03887,491,/home/silenceduke/vscode-project/compact_kernel_lab/reports/benchmark/library_cub_device_select_b2_n512_t0_p0.5_v4_flow_latest.csv,0,0.191,
PASS,v2,2,512,0.0085224,0.83216,491,/home/silenceduke/vscode-project/compact_kernel_lab/reports/benchmark/v2_b2_n512_t0_p0.5_v4_flow_latest.csv,0,0.195,
PASS,v3,2,512,0.00852224,0.832176,491,/home/silenceduke/vscode-project/compact_kernel_lab/reports/benchmark/v3_b2_n512_t0_p0.5_v4_flow_latest.csv,0,0.199,
PASS,v4,2,512,0.00852048,0.832347,491,/home/silenceduke/vscode-project/compact_kernel_lab/reports/benchmark/v4_b2_n512_t0_p0.5_v4_flow_latest.csv,0,0.195,
PASS,library_cub_device_select,2,1024,0.00376944,3.78942,1009,/home/silenceduke/vscode-project/compact_kernel_lab/reports/benchmark/library_cub_device_select_b2_n1024_t0_p0.5_v4_flow_latest.csv,0,0.188,
PASS,v2,2,1024,0.00853008,1.67454,1009,/home/silenceduke/vscode-project/compact_kernel_lab/reports/benchmark/v2_b2_n1024_t0_p0.5_v4_flow_latest.csv,0,0.191,
PASS,v3,2,1024,0.00856384,1.66794,1009,/home/silenceduke/vscode-project/compact_kernel_lab/reports/benchmark/v3_b2_n1024_t0_p0.5_v4_flow_latest.csv,0,0.204,
PASS,v4,2,1024,0.008552,1.67025,1009,/home/silenceduke/vscode-project/compact_kernel_lab/reports/benchmark/v4_b2_n1024_t0_p0.5_v4_flow_latest.csv,0,0.203,
PASS,library_cub_device_select,2,8192,0.00833232,13.7978,8260,/home/silenceduke/vscode-project/compact_kernel_lab/reports/benchmark/library_cub_device_select_b2_n8192_t0_p0.5_v4_flow_latest.csv,0,0.195,
PASS,v2,2,8192,0.008528,13.4812,8260,/home/silenceduke/vscode-project/compact_kernel_lab/reports/benchmark/v2_b2_n8192_t0_p0.5_v4_flow_latest.csv,0,0.207,
PASS,v3,2,8192,0.00851424,13.503,8260,/home/silenceduke/vscode-project/compact_kernel_lab/reports/benchmark/v3_b2_n8192_t0_p0.5_v4_flow_latest.csv,0,0.191,
PASS,v4,2,8192,0.0085408,13.461,8260,/home/silenceduke/vscode-project/compact_kernel_lab/reports/benchmark/v4_b2_n8192_t0_p0.5_v4_flow_latest.csv,0,0.200,
PASS,library_cub_device_select,2,131072,0.00833184,220.704,132036,/home/silenceduke/vscode-project/compact_kernel_lab/reports/benchmark/library_cub_device_select_b2_n131072_t0_p0.5_v4_flow_latest.csv,0,0.220,
PASS,v2,2,131072,0.0126779,145.045,132036,/home/silenceduke/vscode-project/compact_kernel_lab/reports/benchmark/v2_b2_n131072_t0_p0.5_v4_flow_latest.csv,0,0.200,
PASS,v3,2,131072,0.0116619,157.682,132036,/home/silenceduke/vscode-project/compact_kernel_lab/reports/benchmark/v3_b2_n131072_t0_p0.5_v4_flow_latest.csv,0,0.201,
PASS,v4,2,131072,0.0118632,155.006,132036,/home/silenceduke/vscode-project/compact_kernel_lab/reports/benchmark/v4_b2_n131072_t0_p0.5_v4_flow_latest.csv,0,0.218,
PASS,library_cub_device_select,2,1048576,0.0182872,804.662,1057310,/home/silenceduke/vscode-project/compact_kernel_lab/reports/benchmark/library_cub_device_select_b2_n1048576_t0_p0.5_v4_flow_latest.csv,0,0.200,
PASS,v2,2,1048576,0.0502062,293.091,1057310,/home/silenceduke/vscode-project/compact_kernel_lab/reports/benchmark/v2_b2_n1048576_t0_p0.5_v4_flow_latest.csv,0,0.222,
PASS,v3,2,1048576,0.0249083,590.767,1057310,/home/silenceduke/vscode-project/compact_kernel_lab/reports/benchmark/v3_b2_n1048576_t0_p0.5_v4_flow_latest.csv,0,0.218,
PASS,v4,2,1048576,0.0249054,590.835,1057310,/home/silenceduke/vscode-project/compact_kernel_lab/reports/benchmark/v4_b2_n1048576_t0_p0.5_v4_flow_latest.csv,0,0.203,
PASS,library_cub_device_select,3,32,0.00368656,0.185539,48,/home/silenceduke/vscode-project/compact_kernel_lab/reports/benchmark/library_cub_device_select_b3_n32_t0_p0.5_v4_flow_latest.csv,0,0.179,
PASS,v2,3,32,0.00851856,0.0802953,48,/home/silenceduke/vscode-project/compact_kernel_lab/reports/benchmark/v2_b3_n32_t0_p0.5_v4_flow_latest.csv,0,0.192,
PASS,v3,3,32,0.0085728,0.0797872,48,/home/silenceduke/vscode-project/compact_kernel_lab/reports/benchmark/v3_b3_n32_t0_p0.5_v4_flow_latest.csv,0,0.187,
PASS,v4,3,32,0.0085736,0.0797798,48,/home/silenceduke/vscode-project/compact_kernel_lab/reports/benchmark/v4_b3_n32_t0_p0.5_v4_flow_latest.csv,0,0.203,
PASS,library_cub_device_select,3,256,0.00352288,1.51694,373,/home/silenceduke/vscode-project/compact_kernel_lab/reports/benchmark/library_cub_device_select_b3_n256_t0_p0.5_v4_flow_latest.csv,0,0.194,
PASS,v2,3,256,0.00850736,0.628162,373,/home/silenceduke/vscode-project/compact_kernel_lab/reports/benchmark/v2_b3_n256_t0_p0.5_v4_flow_latest.csv,0,0.200,
PASS,v3,3,256,0.00856864,0.62367,373,/home/silenceduke/vscode-project/compact_kernel_lab/reports/benchmark/v3_b3_n256_t0_p0.5_v4_flow_latest.csv,0,0.201,
FAIL,v4,3,256,,,,/home/silenceduke/vscode-project/compact_kernel_lab/reports/benchmark/v4_b3_n256_t0_p0.5_v4_flow_latest.csv,1,0.209,"CUDA_CHECK failed at /home/silenceduke/vscode-project/compact_kernel_lab/benchmark/benchmark_compact.cu:90: an illegal memory access was encountered (700)
"
PASS,library_cub_device_select,3,512,0.00340896,3.13879,752,/home/silenceduke/vscode-project/compact_kernel_lab/reports/benchmark/library_cub_device_select_b3_n512_t0_p0.5_v4_flow_latest.csv,0,0.171,
PASS,v2,3,512,0.008488,1.2606,752,/home/silenceduke/vscode-project/compact_kernel_lab/reports/benchmark/v2_b3_n512_t0_p0.5_v4_flow_latest.csv,0,0.179,
PASS,v3,3,512,0.00853696,1.25337,752,/home/silenceduke/vscode-project/compact_kernel_lab/reports/benchmark/v3_b3_n512_t0_p0.5_v4_flow_latest.csv,0,0.203,
FAIL,v4,3,512,,,,/home/silenceduke/vscode-project/compact_kernel_lab/reports/benchmark/v4_b3_n512_t0_p0.5_v4_flow_latest.csv,1,0.221,"CUDA_CHECK failed at /home/silenceduke/vscode-project/compact_kernel_lab/benchmark/benchmark_compact.cu:90: an illegal memory access was encountered (700)
"
PASS,library_cub_device_select,3,1024,0.00375968,5.69304,1508,/home/silenceduke/vscode-project/compact_kernel_lab/reports/benchmark/library_cub_device_select_b3_n1024_t0_p0.5_v4_flow_latest.csv,0,0.186,
PASS,v2,3,1024,0.00850368,2.51703,1508,/home/silenceduke/vscode-project/compact_kernel_lab/reports/benchmark/v2_b3_n1024_t0_p0.5_v4_flow_latest.csv,0,0.189,
PASS,v3,3,1024,0.00865728,2.47237,1508,/home/silenceduke/vscode-project/compact_kernel_lab/reports/benchmark/v3_b3_n1024_t0_p0.5_v4_flow_latest.csv,0,0.200,
PASS,v4,3,1024,0.00854768,2.50407,1508,/home/silenceduke/vscode-project/compact_kernel_lab/reports/benchmark/v4_b3_n1024_t0_p0.5_v4_flow_latest.csv,0,0.202,
PASS,library_cub_device_select,3,8192,0.0117002,14.7581,12445,/home/silenceduke/vscode-project/compact_kernel_lab/reports/benchmark/library_cub_device_select_b3_n8192_t0_p0.5_v4_flow_latest.csv,0,0.182,
PASS,v2,3,8192,0.0085248,20.2553,12445,/home/silenceduke/vscode-project/compact_kernel_lab/reports/benchmark/v2_b3_n8192_t0_p0.5_v4_flow_latest.csv,0,0.184,
PASS,v3,3,8192,0.00852752,20.2488,12445,/home/silenceduke/vscode-project/compact_kernel_lab/reports/benchmark/v3_b3_n8192_t0_p0.5_v4_flow_latest.csv,0,0.196,
PASS,v4,3,8192,0.00852112,20.264,12445,/home/silenceduke/vscode-project/compact_kernel_lab/reports/benchmark/v4_b3_n8192_t0_p0.5_v4_flow_latest.csv,0,0.197,
PASS,library_cub_device_select,3,131072,0.0120997,227.929,197944,/home/silenceduke/vscode-project/compact_kernel_lab/reports/benchmark/library_cub_device_select_b3_n131072_t0_p0.5_v4_flow_latest.csv,0,0.186,
PASS,v2,3,131072,0.0165122,167.02,197944,/home/silenceduke/vscode-project/compact_kernel_lab/reports/benchmark/v2_b3_n131072_t0_p0.5_v4_flow_latest.csv,0,0.213,
PASS,v3,3,131072,0.0146816,187.845,197944,/home/silenceduke/vscode-project/compact_kernel_lab/reports/benchmark/v3_b3_n131072_t0_p0.5_v4_flow_latest.csv,0,0.200,
PASS,v4,3,131072,0.0146974,187.643,197944,/home/silenceduke/vscode-project/compact_kernel_lab/reports/benchmark/v4_b3_n131072_t0_p0.5_v4_flow_latest.csv,0,0.200,
PASS,library_cub_device_select,3,1048576,0.0244774,901.559,1584800,/home/silenceduke/vscode-project/compact_kernel_lab/reports/benchmark/library_cub_device_select_b3_n1048576_t0_p0.5_v4_flow_latest.csv,0,0.206,
PASS,v2,3,1048576,0.0666154,331.273,1584800,/home/silenceduke/vscode-project/compact_kernel_lab/reports/benchmark/v2_b3_n1048576_t0_p0.5_v4_flow_latest.csv,0,0.232,
PASS,v3,3,1048576,0.0310544,710.619,1584800,/home/silenceduke/vscode-project/compact_kernel_lab/reports/benchmark/v3_b3_n1048576_t0_p0.5_v4_flow_latest.csv,0,0.229,
PASS,v4,3,1048576,0.0310872,709.869,1584800,/home/silenceduke/vscode-project/compact_kernel_lab/reports/benchmark/v4_b3_n1048576_t0_p0.5_v4_flow_latest.csv,0,0.232,
PASS,library_cub_device_select,7,32,0.00356,0.444944,109,/home/silenceduke/vscode-project/compact_kernel_lab/reports/benchmark/library_cub_device_select_b7_n32_t0_p0.5_v4_flow_latest.csv,0,0.188,
PASS,v2,7,32,0.0085192,0.185933,109,/home/silenceduke/vscode-project/compact_kernel_lab/reports/benchmark/v2_b7_n32_t0_p0.5_v4_flow_latest.csv,0,0.190,
PASS,v3,7,32,0.00851024,0.186129,109,/home/silenceduke/vscode-project/compact_kernel_lab/reports/benchmark/v3_b7_n32_t0_p0.5_v4_flow_latest.csv,0,0.200,
PASS,v4,7,32,0.00851552,0.186013,109,/home/silenceduke/vscode-project/compact_kernel_lab/reports/benchmark/v4_b7_n32_t0_p0.5_v4_flow_latest.csv,0,0.200,
PASS,library_cub_device_select,7,256,0.00371616,3.36799,882,/home/silenceduke/vscode-project/compact_kernel_lab/reports/benchmark/library_cub_device_select_b7_n256_t0_p0.5_v4_flow_latest.csv,0,0.200,
PASS,v2,7,256,0.00851984,1.46904,882,/home/silenceduke/vscode-project/compact_kernel_lab/reports/benchmark/v2_b7_n256_t0_p0.5_v4_flow_latest.csv,0,0.200,
PASS,v3,7,256,0.00851712,1.46951,882,/home/silenceduke/vscode-project/compact_kernel_lab/reports/benchmark/v3_b7_n256_t0_p0.5_v4_flow_latest.csv,0,0.200,
FAIL,v4,7,256,,,,/home/silenceduke/vscode-project/compact_kernel_lab/reports/benchmark/v4_b7_n256_t0_p0.5_v4_flow_latest.csv,1,0.205,"CUDA_CHECK failed at /home/silenceduke/vscode-project/compact_kernel_lab/benchmark/benchmark_compact.cu:90: an illegal memory access was encountered (700)
"
PASS,library_cub_device_select,7,512,0.00357184,7.00367,1767,/home/silenceduke/vscode-project/compact_kernel_lab/reports/benchmark/library_cub_device_select_b7_n512_t0_p0.5_v4_flow_latest.csv,0,0.183,
PASS,v2,7,512,0.00847552,2.95156,1767,/home/silenceduke/vscode-project/compact_kernel_lab/reports/benchmark/v2_b7_n512_t0_p0.5_v4_flow_latest.csv,0,0.191,
PASS,v3,7,512,0.00851488,2.93792,1767,/home/silenceduke/vscode-project/compact_kernel_lab/reports/benchmark/v3_b7_n512_t0_p0.5_v4_flow_latest.csv,0,0.200,
FAIL,v4,7,512,,,,/home/silenceduke/vscode-project/compact_kernel_lab/reports/benchmark/v4_b7_n512_t0_p0.5_v4_flow_latest.csv,1,0.220,"CUDA_CHECK failed at /home/silenceduke/vscode-project/compact_kernel_lab/benchmark/benchmark_compact.cu:90: an illegal memory access was encountered (700)
"
PASS,library_cub_device_select,7,1024,0.00372448,13.4966,3600,/home/silenceduke/vscode-project/compact_kernel_lab/reports/benchmark/library_cub_device_select_b7_n1024_t0_p0.5_v4_flow_latest.csv,0,0.181,
PASS,v2,7,1024,0.00849776,5.91544,3600,/home/silenceduke/vscode-project/compact_kernel_lab/reports/benchmark/v2_b7_n1024_t0_p0.5_v4_flow_latest.csv,0,0.185,
PASS,v3,7,1024,0.0085352,5.88949,3600,/home/silenceduke/vscode-project/compact_kernel_lab/reports/benchmark/v3_b7_n1024_t0_p0.5_v4_flow_latest.csv,0,0.192,
PASS,v4,7,1024,0.00852544,5.89623,3600,/home/silenceduke/vscode-project/compact_kernel_lab/reports/benchmark/v4_b7_n1024_t0_p0.5_v4_flow_latest.csv,0,0.206,
PASS,library_cub_device_select,7,8192,0.0198419,20.2936,28979,/home/silenceduke/vscode-project/compact_kernel_lab/reports/benchmark/library_cub_device_select_b7_n8192_t0_p0.5_v4_flow_latest.csv,0,0.195,
PASS,v2,7,8192,0.00854512,47.1221,28979,/home/silenceduke/vscode-project/compact_kernel_lab/reports/benchmark/v2_b7_n8192_t0_p0.5_v4_flow_latest.csv,0,0.202,
PASS,v3,7,8192,0.0085136,47.2966,28979,/home/silenceduke/vscode-project/compact_kernel_lab/reports/benchmark/v3_b7_n8192_t0_p0.5_v4_flow_latest.csv,0,0.180,
PASS,v4,7,8192,0.008512,47.3055,28979,/home/silenceduke/vscode-project/compact_kernel_lab/reports/benchmark/v4_b7_n8192_t0_p0.5_v4_flow_latest.csv,0,0.183,
PASS,library_cub_device_select,7,131072,0.0201003,320.334,462817,/home/silenceduke/vscode-project/compact_kernel_lab/reports/benchmark/library_cub_device_select_b7_n131072_t0_p0.5_v4_flow_latest.csv,0,0.210,
PASS,v2,7,131072,0.026976,238.687,462817,/home/silenceduke/vscode-project/compact_kernel_lab/reports/benchmark/v2_b7_n131072_t0_p0.5_v4_flow_latest.csv,0,0.209,
PASS,v3,7,131072,0.0187621,343.182,462817,/home/silenceduke/vscode-project/compact_kernel_lab/reports/benchmark/v3_b7_n131072_t0_p0.5_v4_flow_latest.csv,0,0.202,
PASS,v4,7,131072,0.0187746,342.954,462817,/home/silenceduke/vscode-project/compact_kernel_lab/reports/benchmark/v4_b7_n131072_t0_p0.5_v4_flow_latest.csv,0,0.215,
PASS,library_cub_device_select,7,1048576,0.050991,1009.87,3698574,/home/silenceduke/vscode-project/compact_kernel_lab/reports/benchmark/library_cub_device_select_b7_n1048576_t0_p0.5_v4_flow_latest.csv,0,0.277,
PASS,v2,7,1048576,0.137535,374.41,3698574,/home/silenceduke/vscode-project/compact_kernel_lab/reports/benchmark/v2_b7_n1048576_t0_p0.5_v4_flow_latest.csv,0,0.283,
PASS,v3,7,1048576,0.0556027,926.114,3698574,/home/silenceduke/vscode-project/compact_kernel_lab/reports/benchmark/v3_b7_n1048576_t0_p0.5_v4_flow_latest.csv,0,0.276,
PASS,v4,7,1048576,0.0576939,892.546,3698574,/home/silenceduke/vscode-project/compact_kernel_lab/reports/benchmark/v4_b7_n1048576_t0_p0.5_v4_flow_latest.csv,0,0.246,
PASS,library_cub_device_select,8,32,0.00347872,0.515132,120,/home/silenceduke/vscode-project/compact_kernel_lab/reports/benchmark/library_cub_device_select_b8_n32_t0_p0.5_v4_flow_latest.csv,0,0.181,
PASS,v2,8,32,0.00851712,0.2104,120,/home/silenceduke/vscode-project/compact_kernel_lab/reports/benchmark/v2_b8_n32_t0_p0.5_v4_flow_latest.csv,0,0.183,
PASS,v3,8,32,0.00853872,0.209868,120,/home/silenceduke/vscode-project/compact_kernel_lab/reports/benchmark/v3_b8_n32_t0_p0.5_v4_flow_latest.csv,0,0.190,
PASS,v4,8,32,0.00852016,0.210325,120,/home/silenceduke/vscode-project/compact_kernel_lab/reports/benchmark/v4_b8_n32_t0_p0.5_v4_flow_latest.csv,0,0.184,
PASS,library_cub_device_select,8,256,0.00359408,3.98099,1009,/home/silenceduke/vscode-project/compact_kernel_lab/reports/benchmark/library_cub_device_select_b8_n256_t0_p0.5_v4_flow_latest.csv,0,0.195,
PASS,v2,8,256,0.00851088,1.68114,1009,/home/silenceduke/vscode-project/compact_kernel_lab/reports/benchmark/v2_b8_n256_t0_p0.5_v4_flow_latest.csv,0,0.201,
PASS,v3,8,256,0.00852208,1.67893,1009,/home/silenceduke/vscode-project/compact_kernel_lab/reports/benchmark/v3_b8_n256_t0_p0.5_v4_flow_latest.csv,0,0.221,
FAIL,v4,8,256,,,,/home/silenceduke/vscode-project/compact_kernel_lab/reports/benchmark/v4_b8_n256_t0_p0.5_v4_flow_latest.csv,1,0.209,"CUDA_CHECK failed at /home/silenceduke/vscode-project/compact_kernel_lab/benchmark/benchmark_compact.cu:90: an illegal memory access was encountered (700)
"
PASS,library_cub_device_select,8,512,0.00357936,7.99584,2027,/home/silenceduke/vscode-project/compact_kernel_lab/reports/benchmark/library_cub_device_select_b8_n512_t0_p0.5_v4_flow_latest.csv,0,0.210,
PASS,v2,8,512,0.00861776,3.32105,2027,/home/silenceduke/vscode-project/compact_kernel_lab/reports/benchmark/v2_b8_n512_t0_p0.5_v4_flow_latest.csv,0,0.248,
PASS,v3,8,512,0.00851392,3.36155,2027,/home/silenceduke/vscode-project/compact_kernel_lab/reports/benchmark/v3_b8_n512_t0_p0.5_v4_flow_latest.csv,0,0.182,
FAIL,v4,8,512,,,,/home/silenceduke/vscode-project/compact_kernel_lab/reports/benchmark/v4_b8_n512_t0_p0.5_v4_flow_latest.csv,1,0.229,"CUDA_CHECK failed at /home/silenceduke/vscode-project/compact_kernel_lab/benchmark/benchmark_compact.cu:90: an illegal memory access was encountered (700)
"
PASS,library_cub_device_select,8,1024,0.00370624,15.4949,4109,/home/silenceduke/vscode-project/compact_kernel_lab/reports/benchmark/library_cub_device_select_b8_n1024_t0_p0.5_v4_flow_latest.csv,0,0.200,
PASS,v2,8,1024,0.00851616,6.74341,4109,/home/silenceduke/vscode-project/compact_kernel_lab/reports/benchmark/v2_b8_n1024_t0_p0.5_v4_flow_latest.csv,0,0.200,
PASS,v3,8,1024,0.00851104,6.74747,4109,/home/silenceduke/vscode-project/compact_kernel_lab/reports/benchmark/v3_b8_n1024_t0_p0.5_v4_flow_latest.csv,0,0.188,
PASS,v4,8,1024,0.00862592,6.65761,4109,/home/silenceduke/vscode-project/compact_kernel_lab/reports/benchmark/v4_b8_n1024_t0_p0.5_v4_flow_latest.csv,0,0.192,
PASS,library_cub_device_select,8,8192,0.0228256,20.1619,33124,/home/silenceduke/vscode-project/compact_kernel_lab/reports/benchmark/library_cub_device_select_b8_n8192_t0_p0.5_v4_flow_latest.csv,0,0.191,
PASS,v2,8,8192,0.00854192,53.8764,33124,/home/silenceduke/vscode-project/compact_kernel_lab/reports/benchmark/v2_b8_n8192_t0_p0.5_v4_flow_latest.csv,0,0.188,
PASS,v3,8,8192,0.00852096,54.0089,33124,/home/silenceduke/vscode-project/compact_kernel_lab/reports/benchmark/v3_b8_n8192_t0_p0.5_v4_flow_latest.csv,0,0.200,
PASS,v4,8,8192,0.00856592,53.7255,33124,/home/silenceduke/vscode-project/compact_kernel_lab/reports/benchmark/v4_b8_n8192_t0_p0.5_v4_flow_latest.csv,0,0.183,
PASS,library_cub_device_select,8,131072,0.0228259,322.36,528812,/home/silenceduke/vscode-project/compact_kernel_lab/reports/benchmark/library_cub_device_select_b8_n131072_t0_p0.5_v4_flow_latest.csv,0,0.196,
PASS,v2,8,131072,0.0289992,253.737,528812,/home/silenceduke/vscode-project/compact_kernel_lab/reports/benchmark/v2_b8_n131072_t0_p0.5_v4_flow_latest.csv,0,0.201,
PASS,v3,8,131072,0.0187738,391.939,528812,/home/silenceduke/vscode-project/compact_kernel_lab/reports/benchmark/v3_b8_n131072_t0_p0.5_v4_flow_latest.csv,0,0.200,
PASS,v4,8,131072,0.0187723,391.969,528812,/home/silenceduke/vscode-project/compact_kernel_lab/reports/benchmark/v4_b8_n131072_t0_p0.5_v4_flow_latest.csv,0,0.200,
PASS,library_cub_device_select,8,1048576,0.0592995,992.424,4226803,/home/silenceduke/vscode-project/compact_kernel_lab/reports/benchmark/library_cub_device_select_b8_n1048576_t0_p0.5_v4_flow_latest.csv,0,0.266,
PASS,v2,8,1048576,0.160099,367.586,4226803,/home/silenceduke/vscode-project/compact_kernel_lab/reports/benchmark/v2_b8_n1048576_t0_p0.5_v4_flow_latest.csv,0,0.293,
PASS,v3,8,1048576,0.0627526,937.814,4226803,/home/silenceduke/vscode-project/compact_kernel_lab/reports/benchmark/v3_b8_n1048576_t0_p0.5_v4_flow_latest.csv,0,0.281,
PASS,v4,8,1048576,0.0680213,865.175,4226803,/home/silenceduke/vscode-project/compact_kernel_lab/reports/benchmark/v4_b8_n1048576_t0_p0.5_v4_flow_latest.csv,0,0.262,
